FacultyID,FirstName,LastName,Email,Title,DepartmentID,OfficeLocation,PhoneNumber
1,Lindsay,Blair,dudleynicholas@example.net,Assistant Professor,4,"Building A, Room 370",695-993-1034x1316
2,Cynthia,Diaz,michael41@example.net,Assistant Professor,8,"Building A, Room 120",+1-228-732-7648x3503
3,Richard,Jones,jason76@example.net,Assistant Professor,10,"Building C, Room 314",724.523.8849x696
4,Wendy,Taylor,ddavis@example.org,Assistant Professor,8,"Building A, Room 199",(626)291-6697
5,Erin,Wilson,kayla51@example.com,Lecturer,8,"Building C, Room 249",(727)404-8281x48932
6,Amber,Osborne,georgetracy@example.org,Professor,2,"Building D, Room 393",(443)903-9117x182
7,Stacey,Martin,ibrandt@example.net,Associate Professor,5,"Building A, Room 121",001-734-265-7871x331
8,Brianna,Hall,adrianzimmerman@example.org,Professor,9,"Building A, Room 158",510.451.8347
9,Jennifer,Khan,esanchez@example.com,Assistant Professor,10,"Building D, Room 287",311.265.6670
10,Richard,Morgan,wrightjames@example.com,Lecturer,3,"Building D, Room 154",(362)247-3178
11,Denise,Fernandez,novaksara@example.org,Lecturer,9,"Building C, Room 234",(267)873-6026
12,Joseph,Bowers,smitchell@example.net,Professor,9,"Building C, Room 373",+1-272-734-3098
13,Brian,Silva,brianromero@example.org,Lecturer,9,"Building D, Room 113",291-336-1939
14,Robert,Silva,sarah35@example.org,Associate Professor,10,"Building A, Room 152",362-547-5107x991
15,William,Anderson,nicole35@example.com,Associate Professor,4,"Building D, Room 363",(378)449-8084
16,Joseph,Preston,josephjacobs@example.net,Assistant Professor,3,"Building B, Room 180",634-487-4016x40052
17,Joyce,Arnold,hhoffman@example.org,Lecturer,2,"Building D, Room 101",001-728-205-9826x204
18,Rachel,Clark,elizabethgomez@example.net,Associate Professor,6,"Building B, Room 205",(392)832-2602x56342
19,Monica,Garrison,jamessellers@example.com,Lecturer,6,"Building A, Room 290",733-203-6541x4586
20,Darrell,Waller,beverlyterrell@example.org,Associate Professor,10,"Building D, Room 261",896-555-6981
21,Jonathan,Fletcher,meyerlindsay@example.net,Associate Professor,4,"Building B, Room 370",001-735-861-5951x4846
22,Heidi,Spencer,robertbentley@example.net,Lecturer,7,"Building D, Room 289",001-729-994-6804x4369
23,Scott,Lowe,yleon@example.net,Lecturer,5,"Building D, Room 336",(514)589-5134
24,Dylan,Williams,xcarr@example.org,Associate Professor,5,"Building D, Room 316",569.436.7632x016
25,Linda,Dominguez,pwilliams@example.org,Lecturer,9,"Building A, Room 114",927.488.9579x868
26,Julia,Wells,karen48@example.com,Professor,1,"Building A, Room 108",+1-434-571-4345x5812
27,Patrick,Hernandez,calebrussell@example.net,Lecturer,1,"Building D, Room 235",760.636.6909x670
28,Karen,Castaneda,vmedina@example.net,Lecturer,3,"Building A, Room 262",+1-937-434-6706x562
29,Tina,Ferguson,qvargas@example.org,Assistant Professor,1,"Building C, Room 360",562-972-0465
30,Mark,Juarez,aramirez@example.com,Associate Professor,7,"Building B, Room 140",270-580-5310
31,James,Smith,johnwells@example.org,Lecturer,7,"Building A, Room 367",001-437-645-2991
32,Daniel,Johnson,barbara66@example.net,Associate Professor,1,"Building D, Room 161",219.731.4919
33,Amanda,Stanley,huntermatthew@example.com,Lecturer,5,"Building C, Room 271",916.857.2628x4987
34,Margaret,Vargas,melissa14@example.com,Lecturer,6,"Building C, Room 134",479.996.5075
35,Jason,Salinas,joshua94@example.net,Professor,3,"Building A, Room 230",9839136783
36,Shane,Smith,jeffrey34@example.net,Professor,5,"Building B, Room 354",001-757-988-5685
37,Joseph,King,griffithleslie@example.net,Associate Professor,7,"Building C, Room 306",+1-623-337-4989
38,Marissa,Phillips,harry08@example.org,Assistant Professor,10,"Building B, Room 278",900-984-2710x947
39,Matthew,Sheppard,shelley71@example.org,Assistant Professor,7,"Building A, Room 151",(871)590-2294x1318
40,Kimberly,James,levans@example.com,Professor,4,"Building B, Room 330",399-409-1334x1232
41,Aaron,Hayes,ocarter@example.com,Professor,4,"Building A, Room 259",001-447-613-4936x183
42,Margaret,Jones,lauralarson@example.net,Assistant Professor,3,"Building B, Room 383",271-874-6488x7719
43,Jessica,Munoz,davissuzanne@example.net,Associate Professor,10,"Building A, Room 161",001-604-490-2787
44,Wendy,Graham,ecosta@example.com,Professor,5,"Building B, Room 383",(755)612-5674x68071
45,Marcus,Cordova,ahancock@example.net,Lecturer,4,"Building B, Room 227",+1-976-203-8597
46,James,Dunn,samuel71@example.org,Associate Professor,7,"Building D, Room 330",+1-393-424-8086x1317
47,Tyrone,Moran,robert77@example.org,Associate Professor,1,"Building A, Room 382",682.263.9821x465
48,Justin,Evans,cgrimes@example.net,Associate Professor,9,"Building D, Room 332",855.288.6753x3963
49,Louis,Kennedy,qhughes@example.net,Assistant Professor,7,"Building B, Room 236",(370)928-9517
50,Alexis,Thomas,charlesharrington@example.com,Associate Professor,5,"Building A, Room 333",696-515-8657x80913
51,Julie,Hamilton,hodgesjane@example.org,Lecturer,8,"Building C, Room 259",524.800.5045x562
52,Ashlee,Sparks,gregorylynch@example.com,Lecturer,8,"Building A, Room 279",+1-637-492-3747x407
53,Charles,Landry,danielle64@example.com,Professor,1,"Building B, Room 151",836-671-3695x9440
54,Alan,Grimes,lozanojulie@example.com,Lecturer,7,"Building B, Room 212",001-739-453-3942x10470
55,Christopher,Phillips,ithompson@example.net,Professor,1,"Building D, Room 180",(488)542-4745x171
56,Michelle,Ramsey,zcoffey@example.net,Assistant Professor,1,"Building B, Room 229",(716)304-8175x496
57,Emily,Ruiz,rose31@example.net,Lecturer,6,"Building C, Room 323",446.812.0047x113
58,Shawn,Santiago,umatthews@example.org,Professor,1,"Building C, Room 225",(717)796-4053x77351
59,Bruce,Hill,rushmadison@example.org,Associate Professor,5,"Building D, Room 317",+1-539-500-5329x31839
60,Mark,Hernandez,ramireztracey@example.org,Lecturer,6,"Building D, Room 346",+1-742-210-2053
61,Grant,Williams,vfox@example.org,Lecturer,7,"Building C, Room 283",975.289.1783x9084
62,Bruce,Mendoza,gsimmons@example.com,Assistant Professor,1,"Building C, Room 393",001-771-815-9212x499
63,Virginia,Schmidt,bwagner@example.org,Lecturer,5,"Building D, Room 197",001-318-736-7365x766
64,Ronald,Ortega,stephanie71@example.org,Associate Professor,6,"Building C, Room 339",716-315-2809
65,Robert,Russo,uparrish@example.org,Lecturer,1,"Building A, Room 223",794-351-9832x7315
66,Kathryn,Andrews,xbruce@example.net,Assistant Professor,6,"Building D, Room 358",+1-480-494-0244x550
67,Ashley,Morales,joycebonilla@example.org,Lecturer,4,"Building C, Room 246",001-383-266-7525x4599
68,Eric,Webster,craigjoseph@example.net,Lecturer,7,"Building D, Room 227",(979)676-4381x56149
69,Brandon,Foster,smithkevin@example.org,Assistant Professor,2,"Building D, Room 228",001-724-345-1076x22683
70,Randy,Harmon,esmith@example.com,Assistant Professor,9,"Building A, Room 250",001-769-466-4160
71,Laurie,Montgomery,christopher13@example.com,Assistant Professor,10,"Building C, Room 362",001-468-316-4535
72,William,Wilson,rebeccabailey@example.net,Lecturer,10,"Building D, Room 159",+1-923-912-4329x2127
73,Erin,Macias,michelle52@example.com,Professor,2,"Building A, Room 353",377-644-9058
74,Steven,Johnson,marie11@example.net,Lecturer,5,"Building A, Room 259",+1-986-479-8079x359
75,Susan,Hayes,toni18@example.net,Assistant Professor,7,"Building A, Room 332",(703)777-8892
76,Samantha,Hughes,erika05@example.org,Assistant Professor,3,"Building D, Room 307",818-464-4925x19254
77,Brooke,Hurley,angelica52@example.net,Assistant Professor,4,"Building D, Room 153",001-981-568-5054x235
78,Jeremy,Taylor,phillipskristin@example.net,Lecturer,1,"Building D, Room 215",001-988-205-9296x22292
79,Robert,Rhodes,tarabishop@example.net,Assistant Professor,1,"Building D, Room 203",838.834.7359x774
80,Tammy,Montoya,moniquewilliams@example.com,Lecturer,3,"Building D, Room 198",(881)381-4124x782
81,Stacey,Walker,bwilkerson@example.com,Professor,2,"Building D, Room 293",2687536153
82,Sarah,Combs,lacey20@example.com,Associate Professor,3,"Building D, Room 268",827.379.0104x3289
83,Kimberly,Young,williamsrobert@example.net,Lecturer,1,"Building D, Room 388",811.279.8089x324
84,Christina,Allen,qlopez@example.org,Associate Professor,5,"Building D, Room 234",651.288.8880x67065
85,Michael,Jones,jessicafuller@example.net,Assistant Professor,1,"Building D, Room 132",001-952-205-8527x7221
86,Kelly,Williams,ninastewart@example.com,Lecturer,3,"Building B, Room 121",868.874.0345x05415
87,Julia,Kline,lmorgan@example.com,Associate Professor,6,"Building B, Room 150",001-675-784-1616x928
88,Curtis,Murphy,kirk96@example.org,Associate Professor,8,"Building C, Room 126",001-775-470-5964x016
89,Stephanie,Thomas,ejohnson@example.org,Associate Professor,5,"Building B, Room 196",001-455-769-0927x55719
90,Raymond,Banks,susanjohnson@example.org,Lecturer,1,"Building A, Room 246",386.481.4473x9473
91,Melissa,Hayes,zosborn@example.net,Lecturer,3,"Building D, Room 148",451-588-4422x58313
92,Kristy,Johnson,tanner82@example.net,Lecturer,1,"Building D, Room 319",314-467-8669
93,Teresa,Day,howens@example.com,Associate Professor,5,"Building B, Room 198",(489)622-6801
94,Fred,Morris,michaeleverett@example.com,Lecturer,9,"Building A, Room 379",343-484-2498
95,Brittany,Carpenter,donnale@example.net,Professor,1,"Building B, Room 280",690-601-0943x96907
96,Timothy,Ballard,eevans@example.net,Assistant Professor,3,"Building D, Room 215",4277677359
97,Michelle,Flores,theresa25@example.net,Assistant Professor,5,"Building D, Room 260",+1-415-337-1473
98,Brent,Dougherty,kwright@example.com,Lecturer,3,"Building D, Room 117",001-953-227-8774
99,Christopher,Long,nlevy@example.net,Professor,10,"Building C, Room 153",(400)647-9748x016
100,Jessica,Gallagher,brandon09@example.net,Associate Professor,3,"Building D, Room 273",658.341.6878
101,David,Davis,laura58@example.com,Lecturer,2,"Building D, Room 250",001-923-498-6800x02578
102,Catherine,Robertson,sarah52@example.com,Associate Professor,10,"Building B, Room 372",+1-749-758-8879x470
103,Emily,Whitney,laura09@example.com,Lecturer,1,"Building A, Room 398",599-230-9728x962
104,Ashley,Graves,andrewedwards@example.org,Associate Professor,7,"Building A, Room 269",(836)789-7028x38578
105,Sue,Stevens,amy49@example.com,Assistant Professor,10,"Building C, Room 112",934.784.3443
106,Timothy,Castro,keith98@example.com,Lecturer,10,"Building C, Room 135",(652)640-4157x4733
107,Derrick,Gilbert,johnsantiago@example.net,Professor,4,"Building A, Room 363",230.416.5712
108,Richard,Donovan,mwoods@example.com,Lecturer,3,"Building C, Room 242",440-619-3802x62067
109,Nancy,Smith,hebertmatthew@example.com,Lecturer,2,"Building B, Room 387",+1-688-472-8743x1527
110,Alexis,Rogers,ashley32@example.net,Assistant Professor,6,"Building C, Room 252",+1-266-685-1612x2753
111,Patrick,Griffin,stephanie49@example.net,Associate Professor,6,"Building B, Room 157",001-404-853-0174
112,Gina,Leblanc,hannah45@example.net,Associate Professor,1,"Building D, Room 269",932.572.7956
113,Kathleen,Becker,foxallison@example.com,Associate Professor,6,"Building C, Room 200",491-408-8398
114,Mark,Meyer,frazierjennifer@example.com,Professor,8,"Building A, Room 159",287-907-2867
115,Emily,Parker,fosterlisa@example.net,Lecturer,5,"Building C, Room 295",391.906.5180
116,Anthony,Ortiz,katiegood@example.net,Associate Professor,4,"Building B, Room 146",(456)576-6182x51286
117,Mary,Avila,steven86@example.net,Assistant Professor,7,"Building D, Room 243",(533)575-2431x0690
118,Carlos,Wheeler,tharper@example.org,Professor,2,"Building D, Room 205",606.573.8302
119,Lisa,Dennis,barbara53@example.com,Associate Professor,3,"Building A, Room 219",(483)864-4089
120,Angela,Williams,shelly68@example.com,Assistant Professor,3,"Building D, Room 157",001-466-924-6287x334
121,Robin,Hart,igrant@example.com,Assistant Professor,10,"Building A, Room 216",543.251.7518
122,Joseph,Nunez,russojacob@example.net,Associate Professor,7,"Building C, Room 228",001-583-873-5403x3173
123,Rose,Arnold,oscar85@example.com,Associate Professor,10,"Building A, Room 338",258-577-1753x556
124,Joyce,Smith,mphillips@example.com,Associate Professor,6,"Building D, Room 188",969.937.8547
125,Gary,Norton,donaldpayne@example.org,Lecturer,5,"Building A, Room 371",+1-508-301-0062
126,Jasmine,Smith,nbrooks@example.net,Professor,7,"Building D, Room 168",+1-697-270-0886x00848
127,Wayne,Wolfe,ldrake@example.org,Associate Professor,7,"Building C, Room 175",682-833-9845
128,Christian,Chung,scunningham@example.org,Associate Professor,3,"Building A, Room 185",910-816-6687x0021
129,Deanna,Rivera,jacobsonsamantha@example.org,Professor,5,"Building C, Room 193",297.440.1489
130,Sarah,Edwards,brendagoodwin@example.net,Associate Professor,4,"Building A, Room 303",(714)229-3968x5621
131,Connor,Hall,petersonkayla@example.net,Lecturer,10,"Building B, Room 138",(850)347-7358x6629
132,Kelsey,Phillips,jennifermiller@example.org,Lecturer,1,"Building B, Room 321",(426)355-1104x7541
133,Jacob,Cole,fgarcia@example.com,Professor,7,"Building B, Room 109",+1-819-395-6046
134,Jenny,Hansen,ashleyjackson@example.com,Associate Professor,5,"Building D, Room 389",(824)644-7212
135,Robert,Washington,wardsheryl@example.net,Lecturer,10,"Building B, Room 246",+1-879-793-7124x0659
136,Scott,Jordan,kevinmorrison@example.net,Associate Professor,1,"Building D, Room 103",575.726.5479
137,Nicholas,Velasquez,kdiaz@example.org,Lecturer,8,"Building D, Room 346",001-382-880-7374
138,Emily,Taylor,john26@example.com,Associate Professor,1,"Building D, Room 259",279-779-6886
139,Jacqueline,Burnett,rodriguezjohn@example.net,Assistant Professor,4,"Building D, Room 277",(529)509-6561x014
140,Sean,Myers,michaeljohnson@example.org,Assistant Professor,1,"Building A, Room 278",961-312-5457x3875
141,Samuel,Horton,carlos01@example.org,Assistant Professor,5,"Building D, Room 164",412-438-2825x86736
142,Danielle,Reynolds,mclaughlinnicole@example.com,Professor,8,"Building B, Room 142",001-366-403-3419
143,Michael,Gonzalez,bakermichelle@example.net,Lecturer,2,"Building A, Room 341",+1-659-369-6915x5792
144,Emily,Edwards,kevinwhite@example.net,Assistant Professor,7,"Building A, Room 189",(486)969-2966
145,Cynthia,Steele,angelaburns@example.org,Lecturer,10,"Building B, Room 189",(557)890-5072
146,Tamara,Wagner,fortiz@example.com,Associate Professor,2,"Building C, Room 204",001-677-421-9034x043
147,Kimberly,Cunningham,hdunn@example.net,Assistant Professor,4,"Building B, Room 213",848-358-0783
148,Jill,Valdez,kennethkidd@example.com,Professor,8,"Building D, Room 316",451-571-3395x962
149,Lisa,Trujillo,amanda98@example.org,Professor,9,"Building D, Room 291",444-794-8126x04223
150,Maria,Juarez,kburns@example.net,Assistant Professor,1,"Building C, Room 135",766-271-1684x577
151,Misty,Boone,simonstephen@example.net,Associate Professor,1,"Building C, Room 195",001-751-486-3637x454
152,Ashlee,Washington,patricia00@example.org,Lecturer,7,"Building B, Room 323",+1-670-312-7706x3242
153,Diamond,Wright,elizabeth20@example.com,Professor,1,"Building C, Room 112",+1-943-261-1037x1293
154,Alan,Cooper,mcneilrobert@example.org,Assistant Professor,9,"Building C, Room 385",413.361.1155x4262
155,Alyssa,Smith,scottbowen@example.net,Professor,1,"Building B, Room 183",001-826-797-3112x1965
156,Kylie,Wright,wrightcarolyn@example.net,Lecturer,9,"Building B, Room 286",+1-540-943-8983x640
157,Paul,Allen,ricetiffany@example.com,Assistant Professor,1,"Building D, Room 332",626-596-5827x10910
158,Bill,Brown,ohunter@example.net,Assistant Professor,9,"Building C, Room 383",566.461.8892x41418
159,Amanda,Myers,collinssamuel@example.org,Associate Professor,4,"Building C, Room 243",6314617990
160,David,Zimmerman,martinstephanie@example.net,Professor,5,"Building C, Room 124",342.952.4105x64814
161,Spencer,Ward,kvillarreal@example.com,Lecturer,5,"Building D, Room 152",(241)591-3800
162,Brandon,Cox,haroldhorne@example.org,Assistant Professor,9,"Building C, Room 208",+1-763-353-6541
163,Wayne,Winters,jeffreyblack@example.org,Professor,10,"Building B, Room 322",(617)544-5187x0534
164,Steven,Vargas,xcuevas@example.org,Associate Professor,5,"Building C, Room 314",001-883-620-6038x5050
165,Dalton,Moreno,robertwoodward@example.org,Professor,2,"Building C, Room 175",001-441-803-8657x191
166,Charles,Bradley,ibates@example.org,Professor,10,"Building B, Room 352",345-465-5743x1329
167,Daniel,Cole,richard85@example.org,Associate Professor,7,"Building B, Room 240",447.341.1249x035
168,Jennifer,Schmitt,rpalmer@example.com,Lecturer,10,"Building A, Room 382",320-267-8831x712
169,Bryan,Norman,davidcolon@example.com,Associate Professor,2,"Building A, Room 128",+1-219-994-1013x72151
170,Brent,Glass,zunderwood@example.com,Professor,6,"Building C, Room 235",9664253244
171,Austin,Harvey,deborahporter@example.net,Lecturer,1,"Building B, Room 244",701.946.2638x3806
172,Amy,Washington,paul20@example.com,Assistant Professor,7,"Building A, Room 231",+1-530-540-7859x321
173,Joseph,Velasquez,gallagherstacie@example.net,Lecturer,6,"Building D, Room 374",(452)523-9559x0599
174,Mary,Cochran,lweaver@example.com,Professor,6,"Building C, Room 190",2107393087
175,Samantha,Harris,matthewthompson@example.com,Associate Professor,10,"Building C, Room 138",7028921851
176,Brenda,Rogers,derek26@example.net,Associate Professor,3,"Building A, Room 240",452.289.5392x6442
177,Stacy,Fry,xrosales@example.net,Associate Professor,10,"Building D, Room 100",4297593917
178,Julie,Young,gary15@example.com,Assistant Professor,9,"Building C, Room 216",2438315410
179,Samuel,Barnes,nicolesnyder@example.com,Associate Professor,10,"Building D, Room 272",(286)717-9327x104
180,Jose,Garcia,george62@example.net,Lecturer,5,"Building D, Room 312",481-859-9706
181,Eric,Garcia,terriortiz@example.net,Assistant Professor,5,"Building D, Room 326",001-284-744-3106x9872
182,Adam,Miller,bgonzalez@example.org,Assistant Professor,4,"Building A, Room 146",(641)371-4677
183,Darlene,Hughes,nicole52@example.com,Professor,1,"Building B, Room 242",4473743490
184,Christopher,Cooper,larellano@example.org,Assistant Professor,1,"Building A, Room 153",+1-906-686-8793
185,Christian,Orr,shawrachel@example.net,Associate Professor,3,"Building D, Room 111",+1-592-417-2233x20616
186,Mary,Scott,millerangela@example.net,Associate Professor,8,"Building B, Room 255",348-370-9986x16229
187,Anna,Garcia,mikayla56@example.com,Professor,8,"Building B, Room 263",(279)897-0246x2996
188,Pamela,Rivera,brandonalvarez@example.com,Associate Professor,8,"Building B, Room 277",(705)644-4713x247
189,Jessica,Jacobs,lopezjason@example.com,Lecturer,5,"Building A, Room 327",001-278-450-8214x8628
190,James,Whitaker,wrightstephen@example.com,Lecturer,6,"Building C, Room 244",001-934-457-8610x357
191,Susan,Wells,max41@example.com,Professor,1,"Building A, Room 311",6608293333
192,William,Hancock,wellsdavid@example.org,Professor,3,"Building A, Room 181",+1-503-949-4466x574
193,Kevin,Meyer,asilva@example.net,Assistant Professor,5,"Building C, Room 109",+1-658-699-4417x15454
194,Jacob,Holmes,racheltrujillo@example.net,Lecturer,2,"Building C, Room 104",(552)707-4466x6099
195,Jessica,Walker,qknox@example.com,Assistant Professor,8,"Building A, Room 164",542.782.4172x48251
196,Jeffrey,Savage,vfrench@example.com,Associate Professor,1,"Building C, Room 381",594-371-7099x917
197,Mikayla,James,robert22@example.org,Assistant Professor,9,"Building B, Room 382",969-672-5217x52500
198,Jason,Ayala,tracygallagher@example.org,Professor,1,"Building B, Room 204",(296)566-6760
199,Jessica,Dodson,katherine83@example.org,Assistant Professor,1,"Building A, Room 105",+1-203-635-4216x89421
200,Stacy,Bryant,ryan25@example.com,Lecturer,1,"Building A, Room 232",(432)360-3323x098
201,Michael,Santos,brooksdanielle@example.net,Associate Professor,3,"Building A, Room 122",+1-609-901-0016x761
202,Jacqueline,Harris,turnerdorothy@example.net,Professor,5,"Building A, Room 301",549.592.6189x14117
203,Kimberly,Decker,michaelortiz@example.org,Associate Professor,3,"Building A, Room 184",3873375300
204,Mary,Caldwell,stacychan@example.org,Associate Professor,9,"Building B, Room 100",001-714-737-4470x1204
205,Ronald,Wilson,smithdevon@example.net,Assistant Professor,4,"Building B, Room 387",(455)379-4155
206,Richard,Rivers,mary76@example.net,Associate Professor,8,"Building C, Room 253",(912)402-1697
207,Cheryl,Maxwell,huffmannichole@example.net,Associate Professor,2,"Building B, Room 217",(777)216-7014
208,Janet,Gregory,tiffanysantiago@example.com,Assistant Professor,2,"Building D, Room 153",489.916.3756x28900
209,Melissa,Booth,waltonmalik@example.com,Lecturer,5,"Building B, Room 321",908-338-6631x779
210,Melissa,West,hooperjulie@example.org,Assistant Professor,9,"Building A, Room 211",666-508-8019
211,Diamond,Bryant,michael03@example.com,Assistant Professor,7,"Building C, Room 328",789-397-5711x30554
212,Brandon,Martin,lydianewton@example.com,Professor,2,"Building C, Room 202",549-733-1637
213,Daniel,Perry,bartonshannon@example.net,Associate Professor,2,"Building B, Room 197",001-982-470-8086
214,Heather,Thompson,dalesandoval@example.net,Associate Professor,3,"Building C, Room 348",686-769-3465x47226
215,Jennifer,Walls,jamesweber@example.com,Associate Professor,1,"Building D, Room 129",+1-652-828-8515x87996
216,Lindsey,Mills,jamesbrian@example.org,Assistant Professor,10,"Building C, Room 180",242.744.2043
217,Lisa,Garcia,juliahoffman@example.org,Professor,4,"Building B, Room 283",540.766.6580x04397
218,Kari,Payne,kimberlybrandt@example.com,Professor,10,"Building A, Room 168",621.422.8160x648
219,Eugene,Singleton,riverajenna@example.org,Associate Professor,6,"Building A, Room 304",7253909479
220,Kristen,Stewart,susanmeyer@example.net,Associate Professor,3,"Building C, Room 348",(768)786-1533
221,Michael,Robinson,wbarajas@example.net,Assistant Professor,7,"Building D, Room 194",7158739930
222,Ruth,Landry,uscott@example.com,Assistant Professor,6,"Building D, Room 107",5857887704
223,Willie,Vaughan,teresaayala@example.net,Lecturer,8,"Building D, Room 283",3134361386
224,Andrew,Love,millerbrian@example.com,Professor,3,"Building D, Room 294",+1-819-734-6676
225,Andre,Nunez,maychristine@example.net,Assistant Professor,2,"Building A, Room 221",001-301-658-1449
226,Kathy,Kim,bshort@example.com,Assistant Professor,3,"Building A, Room 104",(783)226-8424
227,Angela,Peters,williamsashley@example.com,Associate Professor,10,"Building A, Room 121",+1-481-443-5368
228,Jack,Jensen,james29@example.org,Professor,6,"Building A, Room 232",001-487-581-4141x39755
229,Craig,Harvey,louishayes@example.net,Professor,10,"Building B, Room 133",+1-849-629-9556x20533
230,Mary,Taylor,natalie77@example.com,Professor,10,"Building A, Room 172",001-347-281-2914x28341
231,Melissa,Welch,nhammond@example.org,Associate Professor,9,"Building C, Room 220",+1-648-487-2563
232,Steven,Dixon,acox@example.net,Associate Professor,8,"Building B, Room 206",492.982.7229
233,Sheila,Williams,qhall@example.com,Assistant Professor,1,"Building B, Room 391",203.785.6770
234,Dakota,Schmitt,mary49@example.net,Professor,8,"Building A, Room 352",001-826-565-9184
235,Zachary,Gomez,tommy79@example.org,Lecturer,8,"Building B, Room 113",327.523.1843x22259
236,Robert,Rivera,olsontimothy@example.org,Associate Professor,7,"Building B, Room 315",001-426-403-0299
237,Crystal,Williams,brianscott@example.org,Associate Professor,10,"Building B, Room 286",869.490.4137x97723
238,Laura,Hoover,cindydixon@example.org,Lecturer,3,"Building C, Room 102",001-857-499-1366x2103
239,Catherine,Thompson,richamanda@example.org,Assistant Professor,7,"Building B, Room 338",772-298-0686
240,Heidi,Patterson,yclarke@example.com,Lecturer,2,"Building B, Room 393",001-691-862-4731
241,Jonathan,Smith,lanedavid@example.org,Assistant Professor,3,"Building C, Room 291",(735)665-1269x4486
242,Victoria,Sanders,robertbowers@example.com,Professor,7,"Building A, Room 127",(858)487-4495
243,Melissa,Hopkins,seanlyons@example.org,Associate Professor,7,"Building A, Room 372",838-265-8902
244,Linda,Morrow,bfrost@example.org,Assistant Professor,6,"Building B, Room 225",643-251-9066
245,Sonya,Wilkins,mgonzales@example.net,Lecturer,9,"Building A, Room 112",443.309.8839x20530
246,Wendy,Chan,elizabeth69@example.org,Lecturer,9,"Building D, Room 166",901.818.4895x54393
247,Bailey,Green,jhunter@example.org,Professor,2,"Building C, Room 327",745.918.4894x76973
248,Erin,Mosley,olsonjonathan@example.com,Assistant Professor,6,"Building B, Room 210",+1-833-756-5880x4341
249,Charles,Velazquez,nedwards@example.net,Lecturer,8,"Building A, Room 335",723-473-3343x333
250,Kimberly,Wilson,loweelizabeth@example.net,Assistant Professor,10,"Building A, Room 200",6809759579
251,Ian,Duran,raymond92@example.org,Associate Professor,4,"Building B, Room 325",267.280.8562x71875
252,Emily,Gray,nguyenchloe@example.com,Assistant Professor,8,"Building C, Room 328",(484)934-7955
253,Rodney,Barnes,michael64@example.com,Professor,1,"Building A, Room 249",(892)893-1438
254,James,Marsh,thomassmith@example.com,Professor,6,"Building B, Room 211",428.285.7448x9061
255,Jason,King,colematthew@example.com,Lecturer,8,"Building C, Room 236",(488)645-0615x939
256,Michael,Nunez,champton@example.org,Assistant Professor,3,"Building C, Room 130",(494)772-2569x9611
257,Jeremy,Stewart,jennifer96@example.com,Lecturer,5,"Building D, Room 322",359.587.6220x234
258,Garrett,Garcia,zunigathomas@example.org,Associate Professor,2,"Building D, Room 319",8686114921
259,Jerome,Rojas,isims@example.net,Assistant Professor,4,"Building C, Room 233",(900)455-7784
260,Tara,Wolfe,brittanybryant@example.net,Associate Professor,1,"Building B, Room 161",+1-796-888-4578x3174
261,Jordan,Torres,millskatherine@example.org,Professor,2,"Building C, Room 302",(547)280-7740x649
262,Amy,Lopez,kfoster@example.net,Lecturer,10,"Building C, Room 272",001-666-834-1638x9448
263,Jacob,Jones,keithwalsh@example.net,Lecturer,5,"Building B, Room 217",349.673.5020x802
264,Joseph,Espinoza,halledward@example.com,Lecturer,3,"Building D, Room 324",356.447.5705
265,Brian,Rowe,danielshunter@example.com,Lecturer,1,"Building D, Room 146",(901)836-7303x7183
266,Erin,Collins,eric08@example.net,Professor,10,"Building B, Room 137",547-843-5031
267,Mark,Jackson,brenda63@example.org,Professor,4,"Building A, Room 358",9973925132
268,Gina,Morgan,browndeanna@example.net,Professor,6,"Building B, Room 109",+1-512-273-5857
269,Hannah,Howard,johnwilliams@example.net,Professor,7,"Building B, Room 271",684.487.3928x557
270,Casey,Moore,lori85@example.com,Associate Professor,8,"Building B, Room 183",7863209593
271,Dominique,Ryan,rlee@example.com,Professor,5,"Building A, Room 372",001-482-294-5651x18102
272,James,Washington,johnsondarlene@example.com,Professor,8,"Building B, Room 193",+1-378-999-4053x91037
273,Laurie,Brown,yshort@example.net,Assistant Professor,1,"Building A, Room 335",3943801413
274,Jessica,Schmidt,jamessandoval@example.net,Associate Professor,5,"Building D, Room 236",+1-828-786-1957x6122
275,Diane,Ferguson,umahoney@example.net,Associate Professor,3,"Building C, Room 100",956-965-9398x36845
276,Susan,Smith,birdcaitlin@example.net,Lecturer,6,"Building D, Room 366",(440)343-3504
277,Benjamin,Kelly,josephpreston@example.org,Professor,5,"Building B, Room 385",744.919.6931
278,Gerald,Petersen,larsonkevin@example.net,Assistant Professor,5,"Building A, Room 104",001-561-205-5661
279,Cynthia,Chen,torresblake@example.net,Assistant Professor,10,"Building B, Room 231",001-325-583-2067
280,Ryan,Hartman,davidmiller@example.net,Professor,10,"Building A, Room 395",001-508-964-1686x2278
281,Randall,Duncan,johnadams@example.com,Lecturer,7,"Building D, Room 113",491-716-6553x55904
282,Christina,Branch,chanson@example.org,Lecturer,3,"Building A, Room 122",435.621.1039
283,Alexander,Benson,torresthomas@example.com,Assistant Professor,1,"Building A, Room 244",483.238.8487
284,Nicholas,Escobar,scottbrian@example.org,Professor,7,"Building B, Room 203",001-694-807-0164x510
285,Jerry,James,mckeetodd@example.net,Lecturer,3,"Building C, Room 297",+1-512-638-7800
286,Matthew,Long,andrewsutton@example.com,Associate Professor,3,"Building C, Room 278",+1-743-884-0460x8432
287,Diane,Miller,rmeyer@example.net,Lecturer,10,"Building D, Room 114",+1-536-439-2649x5782
288,Bianca,Sutton,michelleparker@example.net,Assistant Professor,1,"Building D, Room 330",226.729.2518x81252
289,Nicole,Gutierrez,vturner@example.net,Assistant Professor,4,"Building A, Room 137",001-542-531-2209x9499
290,Jerry,Johnson,wattsthomas@example.net,Professor,1,"Building A, Room 388",+1-875-226-7722x330
291,Sara,Clements,juliamcneil@example.org,Associate Professor,4,"Building B, Room 109",827-297-5736
292,Cathy,Holloway,phillip99@example.net,Professor,10,"Building A, Room 217",208.517.7038x86086
293,Kelly,Sanders,kim47@example.org,Associate Professor,4,"Building A, Room 315",(449)808-2771x81298
294,Robert,Hayes,shawnmosley@example.org,Lecturer,8,"Building C, Room 256",814.452.1117x518
295,Nicholas,James,rhondacunningham@example.net,Lecturer,5,"Building A, Room 146",(622)420-6447
296,David,Anderson,adamcannon@example.org,Lecturer,2,"Building C, Room 194",877.980.9733x977
297,Christopher,Greene,nicoleramirez@example.net,Assistant Professor,3,"Building D, Room 391",+1-230-622-0502
298,Mark,Miller,butlergregory@example.net,Associate Professor,5,"Building D, Room 110",799-898-2795x0145
299,Lori,Chang,carterdennis@example.net,Associate Professor,10,"Building D, Room 137",358-968-3390x198
300,Jennifer,Jacobs,ronald54@example.net,Associate Professor,8,"Building C, Room 317",001-995-429-9787
301,Nicole,Hall,tiffany01@example.org,Professor,8,"Building B, Room 309",513.696.6055x830
302,Jonathan,Jones,william50@example.org,Professor,1,"Building C, Room 203",+1-455-969-9023x55770
303,Eric,Murray,steven60@example.net,Lecturer,4,"Building D, Room 232",295-788-0395x5124
304,Tonya,Sims,ashleyprice@example.net,Lecturer,5,"Building D, Room 226",745-904-6173
305,Maria,Turner,gregory50@example.org,Associate Professor,1,"Building D, Room 386",978-607-8235
306,Kimberly,Thomas,shortsharon@example.net,Associate Professor,9,"Building B, Room 150",(230)376-8104
307,Mathew,Small,meyerdonna@example.com,Professor,8,"Building A, Room 313",7949353344
308,Emily,Nelson,joshuasmith@example.net,Assistant Professor,7,"Building A, Room 200",+1-481-638-5854
309,Audrey,Jackson,christina58@example.com,Professor,10,"Building B, Room 281",8208701601
310,Harold,Carlson,tjensen@example.com,Assistant Professor,9,"Building A, Room 154",981.679.2171
311,Gabrielle,Mckinney,oruiz@example.org,Assistant Professor,8,"Building C, Room 248",+1-345-762-5577x017
312,Timothy,Singleton,katrina99@example.org,Assistant Professor,9,"Building A, Room 236",516.415.8148x76963
313,Terri,Reyes,jared96@example.com,Associate Professor,4,"Building A, Room 216",001-958-732-1971
314,Angela,Short,kylesullivan@example.net,Associate Professor,9,"Building C, Room 162",296-457-0132
315,Donna,Chavez,peter97@example.org,Lecturer,9,"Building B, Room 174",254.894.6519
316,Melanie,Phelps,woodana@example.org,Associate Professor,2,"Building C, Room 309",8857140369
317,Jennifer,Sullivan,qgardner@example.org,Assistant Professor,2,"Building C, Room 116",223.486.5624x2201
318,Jennifer,Tucker,iproctor@example.org,Lecturer,3,"Building B, Room 251",(867)996-9278
319,Paul,Perez,kjacobs@example.com,Professor,7,"Building D, Room 297",001-338-946-8950x0975
320,Suzanne,Miller,steven18@example.net,Professor,8,"Building A, Room 276",737-218-9490
321,Taylor,Hunt,vberry@example.com,Professor,6,"Building B, Room 255",(444)220-9494x079
322,Diana,Carter,mitchellchristopher@example.net,Associate Professor,5,"Building A, Room 183",344-429-4440
323,Renee,Stevenson,lwood@example.com,Professor,1,"Building D, Room 217",001-837-828-0512x927
324,John,Alexander,jasonnavarro@example.com,Associate Professor,8,"Building A, Room 356",9415027674
325,Noah,Thornton,hbaker@example.com,Lecturer,7,"Building C, Room 310",7478658018
326,Cheryl,Pearson,matthew41@example.com,Associate Professor,1,"Building A, Room 385",+1-296-373-9385x2580
327,Alexander,Davis,jenningsmichael@example.net,Lecturer,8,"Building C, Room 117",343-400-9109x3911
328,Nicholas,Gallagher,pauladominguez@example.com,Professor,3,"Building C, Room 293",871-774-6542x1406
329,Wendy,Scott,gregory17@example.org,Associate Professor,1,"Building B, Room 321",+1-662-371-2863x917
330,Austin,Jones,kimberly07@example.org,Associate Professor,3,"Building C, Room 231",+1-800-864-2569x0877
331,Megan,Norman,fernandezaaron@example.net,Professor,8,"Building A, Room 154",001-371-998-5546x01585
332,Kathleen,Roberts,gregorywilliams@example.com,Assistant Professor,3,"Building D, Room 365",+1-534-961-5717x32030
333,Paul,Sparks,victor70@example.org,Associate Professor,3,"Building B, Room 261",205-406-1387x82931
334,Tracy,Smith,sanchezdeborah@example.org,Lecturer,1,"Building C, Room 154",(304)317-9291
335,Tyler,Lloyd,bryanharris@example.com,Lecturer,2,"Building C, Room 107",001-365-319-8253x0925
336,Joshua,Todd,heathertran@example.com,Professor,9,"Building C, Room 354",990.321.9620
337,Adam,White,mannbrittney@example.com,Professor,8,"Building B, Room 348",(472)932-4876x32909
338,Cheryl,Miller,michael08@example.org,Assistant Professor,5,"Building C, Room 150",918.519.5883
339,Joshua,Lee,ginaschmitt@example.com,Professor,8,"Building B, Room 390",222.300.5436x4597
340,Joy,Buckley,ericjohnson@example.net,Lecturer,8,"Building B, Room 387",713-579-9563
341,Kimberly,Nguyen,youngrobert@example.org,Lecturer,4,"Building D, Room 264",(831)779-7062x3972
342,Derek,Cortez,theresa35@example.org,Associate Professor,5,"Building B, Room 322",4907421776
343,Jeffrey,Phillips,kristinelittle@example.net,Assistant Professor,2,"Building C, Room 362",(998)931-6873
344,Joshua,Blair,johnhamilton@example.org,Professor,7,"Building A, Room 246",001-229-806-0078
345,Amanda,Mendoza,chavezjohn@example.net,Lecturer,3,"Building D, Room 384",001-206-932-5431x07427
346,Steven,Taylor,xlopez@example.net,Lecturer,2,"Building B, Room 296",501.365.8046x498
347,Christine,Rogers,robertsonrenee@example.com,Lecturer,10,"Building C, Room 294",4163579055
348,Ann,Ayala,tinaallen@example.org,Assistant Professor,7,"Building D, Room 119",+1-779-733-5548x6401
349,Shaun,Mason,harrisonamanda@example.net,Professor,5,"Building B, Room 355",379-451-3711x6241
350,Joshua,Terry,nhernandez@example.net,Associate Professor,9,"Building B, Room 152",+1-304-268-2756x7043
351,Monica,Hall,robert55@example.com,Lecturer,3,"Building D, Room 379",001-488-677-4924
352,Jeremy,Watson,kayla02@example.com,Professor,10,"Building B, Room 219",272-792-8422x2231
353,Autumn,Alexander,jack80@example.net,Assistant Professor,7,"Building D, Room 323",952-757-8284x10672
354,Eric,Cordova,deborah47@example.com,Professor,2,"Building C, Room 308",001-892-597-5170x28140
355,Sean,Davis,franklinjames@example.net,Associate Professor,9,"Building D, Room 336",843.501.8718
356,Tracy,Morrison,kerrmichael@example.org,Professor,7,"Building A, Room 345",001-365-565-0455x478
357,Jessica,Wallace,slara@example.org,Associate Professor,4,"Building B, Room 128",001-366-829-9123x4785
358,Christopher,Ortiz,robert87@example.net,Professor,2,"Building C, Room 392",001-623-626-4870
359,Troy,Singh,anthonysmith@example.com,Assistant Professor,6,"Building B, Room 227",771-946-2730x1471
360,Ariana,Oneill,hmccann@example.com,Professor,10,"Building D, Room 140",690.742.9025x72520
361,Robert,Barr,brandon48@example.net,Associate Professor,2,"Building A, Room 264",783-621-9285
362,Joseph,Wolfe,cody95@example.org,Professor,6,"Building B, Room 175",3285457652
363,Eric,Walker,laurahansen@example.net,Assistant Professor,5,"Building B, Room 126",488.916.7112x07545
364,Pamela,Harper,gerald40@example.net,Professor,6,"Building C, Room 267",332-823-4232
365,Hannah,Bowers,smithtodd@example.com,Associate Professor,9,"Building A, Room 272",6312089071
366,Carl,Contreras,pattonsamantha@example.org,Professor,10,"Building A, Room 289",001-732-750-1249
367,Ethan,Mason,williamjones@example.net,Associate Professor,2,"Building D, Room 292",001-408-933-4280x13875
368,Emily,Rodriguez,tina63@example.net,Assistant Professor,5,"Building D, Room 381",961.751.7182
369,Janet,Hawkins,millertristan@example.com,Professor,5,"Building C, Room 395",779-447-3864x6317
370,Alexander,Craig,sandersalexandra@example.net,Assistant Professor,4,"Building A, Room 286",712-566-9121
371,Matthew,Larson,bmartinez@example.net,Assistant Professor,8,"Building C, Room 197",449.994.6579x6784
372,Daniel,King,ihall@example.org,Assistant Professor,8,"Building B, Room 168",401-670-2695
373,Christy,Davis,guerreroapril@example.com,Lecturer,1,"Building B, Room 135",234.877.8485x880
374,Nicole,Wilson,yedwards@example.com,Assistant Professor,4,"Building C, Room 326",900.328.4276x246
375,Ashley,Henry,kalvarez@example.net,Lecturer,1,"Building B, Room 300",7642796954
376,Anthony,Williams,michael90@example.net,Associate Professor,2,"Building A, Room 172",361-365-5650x33349
377,Misty,Wilson,andrewnguyen@example.com,Professor,8,"Building A, Room 228",+1-769-386-4079x05696
378,Lindsey,Garcia,matthewshaw@example.net,Professor,8,"Building B, Room 124",629-845-6371x83440
379,Linda,Weber,robbinsbelinda@example.net,Assistant Professor,3,"Building C, Room 328",741-598-7635x14846
380,Robert,King,jpowers@example.org,Lecturer,3,"Building B, Room 201",8822973748
381,Alexa,Diaz,johnfrancis@example.com,Associate Professor,3,"Building A, Room 143",(365)413-6442x49363
382,James,Sanchez,steven86@example.com,Assistant Professor,1,"Building A, Room 116",+1-203-224-2044x8207
383,Michele,Miller,michelle65@example.net,Associate Professor,9,"Building C, Room 111",+1-316-523-1981x89847
384,Carol,Mejia,mark96@example.net,Associate Professor,8,"Building C, Room 363",001-236-932-1234x7649
385,Amanda,Lyons,stewartrodney@example.net,Assistant Professor,5,"Building A, Room 314",242.257.5409
386,Hannah,Mccormick,johnnycruz@example.net,Professor,6,"Building D, Room 297",001-551-683-7606x441
387,Jason,Zamora,zwelch@example.net,Lecturer,9,"Building B, Room 188",(704)817-7656x12481
388,Carrie,Li,shawn00@example.net,Lecturer,10,"Building A, Room 125",+1-527-420-6345x9112
389,Melanie,Jennings,shannon24@example.org,Assistant Professor,10,"Building D, Room 298",+1-295-543-1652x66930
390,Rebecca,Mccann,josechristian@example.org,Professor,7,"Building B, Room 185",(896)994-2152x9108
391,Margaret,Snyder,jenniferlee@example.com,Associate Professor,7,"Building B, Room 216",476-226-3934x3626
392,Kelly,Green,xsolomon@example.net,Assistant Professor,9,"Building C, Room 275",+1-371-207-2563x66941
393,Brett,Galvan,modonnell@example.net,Lecturer,2,"Building C, Room 314",+1-200-448-9646x528
394,Jorge,Gordon,natalie21@example.com,Professor,2,"Building C, Room 202",001-886-624-1502x745
395,Raven,Baker,zachary62@example.com,Professor,8,"Building C, Room 207",001-672-487-0320x3207
396,Janice,Graham,wwilliams@example.net,Lecturer,2,"Building C, Room 392",+1-577-671-2151
397,Henry,Jackson,anna93@example.net,Assistant Professor,8,"Building B, Room 282",7892261371
398,Justin,Zavala,longbrittany@example.org,Assistant Professor,7,"Building C, Room 103",720-417-7749x05097
399,Jason,Williams,marcus01@example.net,Professor,6,"Building A, Room 309",+1-861-864-2361x032
400,Justin,Goodwin,davidhenry@example.com,Professor,10,"Building D, Room 326",001-649-825-1583x7767
401,Christopher,Henderson,christina66@example.org,Associate Professor,2,"Building B, Room 350",3856732788
402,Taylor,Miller,ievans@example.net,Assistant Professor,2,"Building D, Room 195",838-864-9081x0818
403,Cody,Guerrero,michael91@example.net,Assistant Professor,7,"Building B, Room 128",6177226016
404,Brenda,Gibson,qhanson@example.com,Associate Professor,1,"Building A, Room 344",(232)219-4168
405,Randall,Smith,zstevens@example.net,Lecturer,9,"Building D, Room 335",001-597-349-9564x1220
406,Lisa,Horton,micheleclark@example.net,Assistant Professor,9,"Building B, Room 164",(936)883-1472
407,Andrew,Martin,joannewallace@example.com,Associate Professor,1,"Building C, Room 241",807.893.3496x0501
408,Melinda,Mclaughlin,benjamin67@example.net,Lecturer,2,"Building D, Room 245",001-797-330-8069
409,Joseph,Wong,nwilson@example.net,Associate Professor,5,"Building A, Room 292",(576)702-4375x738
410,Sandra,Castaneda,sanderson@example.net,Professor,9,"Building C, Room 239",001-466-557-2934x172
411,Eric,Vasquez,fhahn@example.com,Assistant Professor,10,"Building A, Room 160",438.200.5452
412,Lindsay,Morgan,williamsondavid@example.org,Professor,6,"Building C, Room 110",945.350.8428x9107
413,Theresa,Harrington,colonbobby@example.org,Associate Professor,2,"Building A, Room 298",(313)452-4787
414,Deborah,Cook,davidharris@example.com,Lecturer,4,"Building C, Room 171",001-403-875-4821x45653
415,Kristin,Taylor,agutierrez@example.com,Lecturer,6,"Building A, Room 342",250.872.0811x55626
416,Katherine,Keller,rachelbrown@example.net,Professor,10,"Building C, Room 325",001-484-866-8455x048
417,Sean,Harris,zterry@example.net,Professor,10,"Building A, Room 340",(334)610-8562x8843
418,Adrienne,Sherman,andrewzamora@example.net,Associate Professor,3,"Building D, Room 361",001-643-746-8105
419,David,Sherman,westashley@example.org,Professor,5,"Building B, Room 146",453.899.8935x449
420,April,Wright,zachary35@example.com,Assistant Professor,1,"Building A, Room 198",926-561-1062
421,Sean,Wood,hchapman@example.com,Lecturer,10,"Building A, Room 160",997-467-7622x827
422,Tammy,Palmer,bensonstanley@example.org,Assistant Professor,10,"Building C, Room 277",001-428-351-9611x5940
423,Nathan,Ritter,kelly02@example.org,Associate Professor,1,"Building D, Room 102",001-360-744-3270
424,Carlos,Williams,kberry@example.com,Lecturer,3,"Building B, Room 368",867-892-2877x72519
425,Jesse,Foster,rubiopamela@example.net,Lecturer,9,"Building A, Room 167",212-509-4818x139
426,Karen,Shaw,martinezsharon@example.org,Associate Professor,5,"Building B, Room 366",7438397189
427,Brianna,Henry,morganhenry@example.org,Professor,8,"Building C, Room 222",456.641.1182x42241
428,Stephanie,Gregory,mendezmark@example.org,Lecturer,9,"Building C, Room 325",001-204-561-5265x461
429,John,Harper,trevorgoodwin@example.com,Lecturer,10,"Building A, Room 139",240-857-8617
430,Cynthia,Mcintyre,adamstabitha@example.net,Professor,5,"Building C, Room 325",538-424-9671
431,Nathaniel,Galloway,amandahenderson@example.net,Lecturer,6,"Building D, Room 350",600.879.4200x749
432,Yvette,Kirby,brendadixon@example.org,Professor,10,"Building B, Room 136",(689)814-1612
433,Jason,Wagner,nicole54@example.net,Lecturer,5,"Building A, Room 180",943.255.3795x020
434,Rachel,Chambers,speters@example.net,Associate Professor,8,"Building A, Room 323",868.411.8071x5695
435,Mary,Cain,martinezmitchell@example.org,Associate Professor,3,"Building B, Room 155",903.704.5319x433
436,Benjamin,Vasquez,adrianjoyce@example.net,Lecturer,2,"Building D, Room 336",(314)498-7283x9992
437,Julie,Anderson,nicoledaniel@example.com,Professor,6,"Building D, Room 246",208.794.8706
438,Ryan,Carney,david87@example.com,Lecturer,8,"Building D, Room 158",(580)730-4687x506
439,Christopher,Armstrong,mooneyjeremiah@example.net,Assistant Professor,9,"Building A, Room 144",(713)632-5411x07609
440,John,Wells,marissa58@example.org,Professor,5,"Building B, Room 290",299-271-7911
441,Nicholas,Wu,pattonbryan@example.com,Assistant Professor,6,"Building D, Room 106",6498611080
442,Richard,Williamson,mhall@example.net,Professor,10,"Building A, Room 130",+1-707-567-6991x507
443,Daniel,Smith,watkinsmary@example.net,Assistant Professor,10,"Building B, Room 259",(584)456-7972
444,Laura,Brown,breanna85@example.com,Assistant Professor,5,"Building B, Room 138",001-782-227-4954
445,Zachary,Sandoval,brianhunter@example.net,Assistant Professor,2,"Building D, Room 357",9659333153
446,Carol,Rivera,christina65@example.org,Associate Professor,7,"Building B, Room 323",570-573-0337
447,Timothy,Tate,lindsay63@example.com,Professor,1,"Building A, Room 116",(405)601-5081
448,Scott,Welch,bradley03@example.org,Lecturer,2,"Building D, Room 262",323-242-5832x3024
449,Marie,Taylor,morganjason@example.com,Lecturer,6,"Building C, Room 173",455.428.9611
450,Laura,Lee,ubenson@example.net,Professor,2,"Building C, Room 159",(930)599-3842x53042
451,Jessica,Mueller,jacksonpaul@example.net,Assistant Professor,5,"Building A, Room 377",001-885-278-7255x87774
452,Jamie,Jacobson,zroy@example.org,Lecturer,4,"Building D, Room 341",766-592-5481x2147
453,Brandy,Marshall,ronald76@example.com,Lecturer,1,"Building D, Room 292",(375)646-0273x415
454,Megan,Hunt,hartmansara@example.org,Associate Professor,10,"Building D, Room 309",615-608-3535
455,Julie,Mack,james92@example.net,Associate Professor,4,"Building C, Room 326",001-484-804-4566x9078
456,Jeremy,Cummings,thomasblack@example.net,Lecturer,7,"Building A, Room 132",001-777-451-5366x37780
457,Barbara,Anderson,porterdonna@example.com,Associate Professor,3,"Building C, Room 157",736-866-8459x09022
458,Tina,Harris,ybrown@example.org,Assistant Professor,10,"Building B, Room 325",915.297.4121x8209
459,Jacob,Jones,ocampbell@example.com,Professor,4,"Building A, Room 198",+1-481-870-5802x56621
460,Timothy,Jones,davidharris@example.com,Professor,9,"Building C, Room 370",001-272-499-4938x743
461,Sean,Summers,aliciakent@example.com,Assistant Professor,4,"Building D, Room 229",879.501.4754x692
462,Hayden,Williamson,qellis@example.org,Assistant Professor,4,"Building B, Room 126",001-991-860-3248x413
463,Victoria,Tran,charles18@example.com,Assistant Professor,1,"Building B, Room 335",(572)843-8070x17656
464,Benjamin,King,markgoodman@example.com,Lecturer,5,"Building C, Room 183",311.483.7274x220
465,Kelly,Nichols,qjackson@example.org,Associate Professor,3,"Building A, Room 356",+1-842-675-2308x37081
466,Scott,George,bartonkatie@example.org,Associate Professor,6,"Building C, Room 261",(333)410-6005x313
467,Jennifer,Williams,ochoamarcus@example.net,Professor,3,"Building D, Room 380",393.786.6133
468,Marcus,Smith,alexander37@example.org,Lecturer,2,"Building C, Room 307",949-350-1364
469,Jennifer,Moody,johnathandavis@example.com,Assistant Professor,8,"Building D, Room 244",+1-862-552-5715x0997
470,Wesley,Bush,hallchristina@example.org,Professor,5,"Building D, Room 178",836-539-1025x7432
471,Dawn,Young,vstevenson@example.org,Assistant Professor,2,"Building D, Room 298",250-586-4035x533
472,Laurie,Horton,cathyjames@example.com,Assistant Professor,5,"Building D, Room 145",(570)417-1302
473,Christopher,Watkins,joelmiller@example.net,Assistant Professor,9,"Building B, Room 305",942.533.6293x449
474,Joseph,Harrington,tapiamichael@example.com,Assistant Professor,1,"Building B, Room 335",(277)868-9627
475,Ronald,Miller,brooke28@example.net,Lecturer,4,"Building A, Room 265",(946)374-7468
476,Mathew,Espinoza,ericlopez@example.org,Lecturer,9,"Building D, Room 313",357.866.6567x49160
477,Sarah,Martin,xkrueger@example.net,Associate Professor,5,"Building A, Room 171",(287)450-6633x705
478,Jose,Gibson,jonathanguzman@example.net,Assistant Professor,1,"Building D, Room 376",(501)816-6918
479,Gabriel,Simmons,vincent86@example.net,Associate Professor,2,"Building B, Room 194",961-219-5243x6402
480,Collin,Ayala,pwarren@example.com,Associate Professor,9,"Building A, Room 201",001-562-425-2237x2817
481,James,Brady,jordanbarrera@example.com,Professor,8,"Building C, Room 313",291.521.4161x415
482,Timothy,Chambers,smithjoseph@example.org,Assistant Professor,8,"Building A, Room 175",+1-890-713-8069x84775
483,Nathan,Wu,lisa56@example.com,Professor,6,"Building B, Room 191",+1-605-551-0762x091
484,Miguel,Montgomery,qrobertson@example.org,Lecturer,1,"Building B, Room 341",9508505739
485,Jocelyn,Bauer,ronnie71@example.net,Lecturer,1,"Building B, Room 324",(949)432-8980x2714
486,Peggy,Friedman,pbates@example.org,Professor,9,"Building A, Room 176",621.516.0256
487,Jennifer,Wade,wadesandra@example.net,Lecturer,10,"Building B, Room 202",001-571-553-9915x6686
488,Jonathon,Carter,davisjoy@example.org,Associate Professor,6,"Building C, Room 189",001-519-852-5690x4098
489,Tina,Flores,lauren28@example.net,Associate Professor,10,"Building B, Room 242",+1-993-916-0875x243
490,Dylan,Campbell,georgekyle@example.net,Associate Professor,10,"Building C, Room 222",749-473-7460
491,Maria,Clark,isabellawilliams@example.org,Associate Professor,9,"Building B, Room 172",364.620.8656x7566
492,Justin,Leblanc,udavis@example.net,Assistant Professor,9,"Building B, Room 303",4475292774
493,Jeffery,Goodman,coxmelissa@example.org,Lecturer,8,"Building B, Room 183",+1-826-462-0157x20185
494,Courtney,Powell,wilsonrandy@example.com,Associate Professor,7,"Building C, Room 183",001-392-361-7647x501
495,David,May,andrewberry@example.net,Lecturer,4,"Building B, Room 121",341.492.6764x9215
496,Richard,Haynes,ihawkins@example.net,Associate Professor,3,"Building C, Room 396",918.798.1312x9208
497,David,Anderson,denisemiller@example.com,Lecturer,10,"Building B, Room 111",001-601-918-4582x60340
498,Donald,Henry,alexandra59@example.net,Assistant Professor,9,"Building A, Room 342",731.603.0324x32983
499,David,Dean,piercejorge@example.net,Associate Professor,3,"Building C, Room 337",(367)614-6283
500,Wanda,Terry,jenniferelliott@example.net,Lecturer,8,"Building A, Room 218",392.862.5660x93141
