StudentID,BannerID,FirstName,LastName,Email,PhoneNumber,DateOfBirth,Gender,Classification,FirstGenerationStudent,InternationalStudent,CurrentAddress,PermanentAddress,HighSchoolGPA,AdmissionDate,RiskClassification
9457,A1009456,Amy,Phillips,uholloway@example.org,+1-835-726-5296x279,2004-07-07,M,Freshman,True,False,"USS Moore, FPO AP 79501","52774 Mitchell Summit Suite 919, Cindyborough, VT 63643",2.38,2024-09-03,High
8868,A1008867,Anthony,Harris,woodmark@example.com,001-340-649-6030x242,1999-01-04,F,Junior,False,False,"097 Faith Keys, West Andrew, IA 34977","2241 Richardson Views Apt. 596, North Lisaside, IL 12535",3.11,2024-08-18,High
9360,A1009359,Sharon,Armstrong,esnyder@example.com,+1-683-971-8910x14625,2001-03-23,F,Senior,False,False,"27941 Price Summit Suite 373, North Amyton, MN 01482","9679 Jones View Suite 464, Jacksontown, TN 50337",3.79,2024-05-30,High
8621,A1008620,Tyler,Ortiz,wevans@example.org,(313)218-7269x4507,1987-08-14,M,Sophomore,False,False,"9097 Michael Ports, West Shelleyshire, KY 02472","4970 Vanessa Walks Apt. 861, West Brianborough, MN 65969",2.95,2025-11-04,High
7152,A1007151,Cody,Rubio,wvaughn@example.com,(473)917-0445,2005-12-23,M,Freshman,False,False,"344 Sara Wells, South Craig, GA 42178","0933 Kenneth Forges Suite 646, South Jillport, VA 22157",3.49,2025-02-27,High
958,A1000957,Jessica,Smith,tholder@example.net,+1-832-401-9703x07817,1988-05-03,M,Sophomore,True,True,"Unit 2558 Box 8119, DPO AP 15748","6151 Shannon Parkway Suite 424, Mcdonaldtown, AR 33788",3.61,2025-08-24,High
6258,A1006257,Paul,Sanchez,mercerregina@example.org,+1-854-642-5214x967,1984-01-02,M,Sophomore,False,False,"084 Stone Crescent, Michaelview, OK 37105","72919 Stephen Knolls Suite 975, Antonioland, HI 27204",3.02,2024-11-15,High
1363,A1001362,Kara,Clark,clayrobert@example.net,+1-697-913-7779x38640,2007-10-16,F,Junior,True,False,"86647 Lopez Square, Johnland, WY 19987","53543 William Valleys Apt. 509, East Cameron, MT 18686",3.9,2024-06-10,High
9916,A1009915,Diana,Ford,hernandezdavid@example.com,(480)529-1985,2005-06-02,Prefer Not to Say,Junior,False,False,"0626 Thompson Squares, Solomonberg, PA 93718","1377 Gina Walks, Fosterland, MD 59415",2.03,2023-04-13,High
6834,A1006833,Christopher,Bentley,clarkjesus@example.net,762.369.6973,1983-09-02,F,Sophomore,False,False,"1492 Schwartz Stream, Ernestborough, SD 89003","010 Bell Crossing, Valdezstad, DE 44161",3.76,2022-12-30,High
8248,A1008247,Julian,Cruz,twalker@example.net,970.332.3061x3579,1986-09-09,M,Freshman,False,True,"99191 Curtis Viaduct, Lake Richardhaven, PW 79204","90316 Becker Roads, Port Michelleville, FL 74733",3.81,2024-07-23,High
4326,A1004325,Jennifer,Brown,jenniferdurham@example.net,(307)839-4103,1998-06-28,Prefer Not to Say,Senior,False,False,"11651 Simmons Circle, Port Johnchester, MI 09464","0847 Jackson Run, Georgemouth, DC 18043",2.99,2024-02-21,High
2369,A1002368,Sarah,Pugh,fhuber@example.com,(689)325-4292x5773,1980-02-26,M,Freshman,False,False,"4247 Courtney Hollow Apt. 749, Fryebury, WA 45738","8039 Mills Valleys, Matthewborough, VA 73485",3.39,2022-11-10,High
4830,A1004829,Heather,Hart,jill93@example.org,424.904.1284,1996-07-20,M,Freshman,True,False,"008 Nancy Ridge Suite 999, Gordonland, VT 91930","32604 Brown Plaza, Dayville, MP 24059",2.31,2024-06-04,High
3390,A1003389,Kelly,Carrillo,harrisjulia@example.com,(415)994-7248,1991-07-20,F,Sophomore,False,False,"345 Velez Skyway, East Bradley, IA 45806","0285 Morales Views, Jensenville, NH 75665",3.86,2024-12-21,High
1639,A1001638,Nicole,Davila,fpacheco@example.com,458-914-3023x459,1989-02-13,M,Freshman,False,True,"621 Salinas Mountains Suite 557, Smithhaven, NJ 72987","PSC 1763, Box 9029, APO AA 36569",3.16,2022-12-28,High
6289,A1006288,David,Richardson,lawrenceestes@example.org,316.293.7426x1650,1993-02-03,M,Junior,True,False,"20978 Emily Heights, New Rhonda, UT 17650","USCGC Hensley, FPO AP 81467",3.4,2023-12-29,High
5378,A1005377,Derrick,Lee,benjaminscott@example.com,+1-251-630-0872x49973,2000-09-25,Prefer Not to Say,Freshman,False,True,"382 Catherine Valleys, Michaelchester, MO 75812","Unit 3917 Box 0965, DPO AE 56003",2.3,2025-03-11,High
6719,A1006718,David,Potter,heather84@example.org,746.824.8079,1988-02-23,F,Freshman,False,False,"USNS Martinez, FPO AE 63181","32824 Jennifer Crescent, Mirandaville, WA 81847",3.64,2024-05-18,High
1171,A1001170,Elizabeth,Bradshaw,wharris@example.net,+1-402-864-9280x31512,1990-07-30,F,Senior,True,False,"772 Michael Pines, South Jim, MT 70128","53252 Williams Cliff, New Danielleburgh, PW 32539",2.98,2022-12-01,High
9926,A1009925,Harold,Joseph,mercedes16@example.org,(237)538-6049x83690,2005-11-12,F,Senior,True,True,"00965 Buchanan Flats Suite 637, New Nathan, LA 86799","996 Hester Ville Suite 282, South Lindseyburgh, SC 41626",2.19,2023-09-19,High
148,A1000147,Sandra,Robinson,gstokes@example.net,+1-523-685-9514x34682,1997-03-02,F,Senior,False,False,"27300 Burke Loaf, North Darrylfurt, NY 26985","500 Nicholas Centers, Christopherland, PR 97196",3.12,2024-03-19,High
4844,A1004843,Alexis,Hayden,alexander82@example.org,+1-272-340-4289x133,1998-05-10,F,Freshman,False,False,"859 Madison Parks Apt. 677, Port Laurahaven, VT 43392","863 Doyle Bypass Apt. 672, West Debraberg, OH 55828",3.29,2024-07-11,High
8123,A1008122,Billy,Murray,jerryhoffman@example.org,+1-462-933-1521x7378,2004-09-13,F,Senior,False,False,"9615 Danielle Streets, Claudiaside, SC 19151","523 Lopez Views Suite 293, Port Donnastad, IA 22858",2.94,2023-04-25,High
8399,A1008398,Jennifer,Reid,zedwards@example.org,001-875-892-4218x496,1990-11-17,F,Freshman,True,False,"289 Emily Path, Tammyview, NH 37138","1943 Gary Ramp Apt. 715, Downsborough, AK 69828",2.26,2025-02-17,High
8888,A1008887,Christopher,Smith,joshuawright@example.org,(943)288-9241,1991-04-29,M,Senior,True,False,"3497 Karen Crescent, Port Mariehaven, FM 07570","38350 Campbell Knolls Suite 690, Charlesshire, MS 26481",3.74,2025-01-15,High
3369,A1003368,Sara,Thomas,natasharoman@example.org,326.988.3610x855,1982-06-08,F,Sophomore,False,False,"37400 Moody Glen Apt. 187, North Todd, CT 72976","1233 Jonathan Lake, Jamesside, ID 74343",2.45,2024-03-03,High
544,A1000543,Paul,Kim,sallen@example.com,(321)457-7405x45866,1989-09-23,M,Sophomore,True,False,"1427 Khan Road Apt. 419, Thompsonborough, VT 34348","22339 David Port, North Stevenville, IL 18669",3.26,2025-08-30,High
8852,A1008851,Brad,Yates,bensonjames@example.com,410.965.3642,1983-07-26,F,Freshman,False,False,"14353 Alicia Corners Apt. 701, Ralphville, OH 74405","27124 Vazquez Brook Apt. 463, Snyderville, NH 48096",3.68,2022-11-15,High
1603,A1001602,Alicia,Jensen,briannawagner@example.net,001-761-613-9554x340,2002-03-30,F,Freshman,True,False,"255 Kristin Passage Apt. 786, Woodsberg, WV 72243","60511 Emily Knoll Apt. 583, Dennishaven, AR 07360",3.9,2022-12-16,High
7471,A1007470,Michael,Morris,rpowell@example.com,+1-722-414-4534,1984-08-16,Non-Binary,Freshman,False,False,"59096 Madison Mount Suite 575, Lorettahaven, MI 81727","822 Hayes Glens Apt. 545, Lisafort, AR 28195",3.37,2025-09-24,High
2612,A1002611,Sydney,Cook,linda85@example.com,001-220-630-8824,1998-07-15,M,Freshman,False,False,"8782 Jarvis Track, Edwardsbury, DC 83503","7474 Cheyenne Prairie Suite 059, West Thomasside, DC 45460",2.43,2023-05-18,High
7089,A1007088,Amanda,Castaneda,irwinanna@example.org,997.625.0585x88211,1982-10-12,M,Freshman,False,False,"32624 Brown Fall Apt. 489, South Franklinshire, GA 37093","55460 Kristina Club Suite 822, East Denise, NE 49366",3.49,2025-06-17,High
1205,A1001204,Joseph,Pierce,ejones@example.org,(975)896-5000x21979,1990-03-03,F,Sophomore,True,False,"48601 Peterson Cliff Apt. 466, West Robert, OR 45959","62802 Meadows Turnpike Suite 228, Victorfurt, OR 64291",2.71,2025-01-24,High
4127,A1004126,Jordan,Cooper,christopherleach@example.net,001-585-464-1216,2007-03-01,F,Sophomore,True,True,"Unit 6884 Box 5240, DPO AA 63089","PSC 9969, Box 5672, APO AP 85719",2.26,2023-07-27,High
6379,A1006378,Molly,Johnson,gregory58@example.org,(510)218-0727x1122,2000-04-02,M,Sophomore,False,True,"328 Hannah Station Apt. 383, Port Cynthiaport, OH 20865","608 Ronald Island Apt. 855, Thompsonberg, DE 88424",3.61,2023-01-23,High
7167,A1007166,Christopher,Wallace,michellewallace@example.com,+1-927-879-9234x736,1987-04-16,F,Senior,False,False,"3216 Brian Brook Suite 670, Mahoneyburgh, KS 77247","17692 Reyes Curve Apt. 509, Lake Kathryn, NV 88645",2.88,2024-12-05,High
881,A1000880,Marissa,Thomas,lee87@example.net,001-299-496-2893,1998-08-24,F,Senior,False,False,"18505 Lin Points Apt. 191, Lake Ricky, KS 92473","896 Baker Plaza Apt. 844, New Morganside, MP 56582",2.11,2024-05-07,Low
8565,A1008564,Lauren,Cobb,wandaday@example.net,475.594.6521x7728,2000-06-14,M,Junior,False,False,"78430 Joshua Neck Apt. 077, Sanchezton, DE 14620","318 Wood Fort, Garrettborough, WI 67587",3.71,2025-02-20,Low
4260,A1004259,Sarah,Clark,kennethkelly@example.org,001-235-458-8778x419,1984-08-03,F,Sophomore,True,False,"1562 Amanda Motorway, North Davidville, MH 60384","81214 Flores Crossing, Gillfort, PW 19046",3.73,2024-05-21,Low
250,A1000249,Jennifer,May,dbrown@example.org,(203)319-7899,1982-11-21,F,Junior,True,False,"34713 Karen Parks, New Lynnside, MT 06476","625 Jennifer Green, New Deborahmouth, GU 69167",3.62,2024-03-30,Low
5086,A1005085,Nancy,Douglas,rwright@example.net,001-386-226-0659x03075,2002-07-04,Non-Binary,Freshman,False,False,"59004 Emily Plains Apt. 520, Port Jonathanland, TN 97277","362 Sanders Forest, New Christophermouth, NH 14414",2.6,2022-12-25,Low
7823,A1007822,Kevin,Evans,dbecker@example.com,+1-757-817-5127,1998-09-27,F,Sophomore,True,False,"Unit 0836 Box 9771, DPO AE 13797","0236 Hernandez Crescent, Rhodesview, MS 52313",2.15,2023-03-29,Low
7713,A1007712,Carlos,Jenkins,rowens@example.net,218-391-0838x361,2002-01-31,F,Junior,False,False,"632 Gina Plains Suite 541, New Kristine, IL 53085","709 Garcia Fork, Beckfurt, KY 34350",2.39,2024-12-02,Low
427,A1000426,Cody,Russell,bettygutierrez@example.net,(280)792-4115,2007-09-07,M,Senior,True,False,"961 David Villages Apt. 552, Lake Francisco, TN 72941","USNV Gordon, FPO AP 25811",2.57,2024-10-14,Low
6677,A1006676,Phillip,Davidson,davidclark@example.net,(888)990-0375,1994-04-08,F,Sophomore,True,False,"00575 Lisa Overpass Suite 456, Port Christine, AK 08413","8253 David Keys, South Heatherborough, NE 55060",2.68,2024-05-11,Low
1637,A1001636,Linda,Walker,shane21@example.net,7328871718,1980-12-23,M,Freshman,False,False,"48981 Meadows Squares Apt. 201, Lake Taylorbury, WI 88860","310 Hernandez Corner Apt. 889, South Karlaport, AZ 33508",3.56,2025-04-10,Low
3104,A1003103,Daniel,Dennis,werickson@example.com,(478)559-9762x89441,2006-01-26,M,Sophomore,False,False,"PSC 9067, Box 8756, APO AE 66175","92146 Hughes Squares, Summerburgh, VI 75790",2.88,2024-11-13,Low
7562,A1007561,Jessica,Jenkins,jacksonwendy@example.net,+1-520-660-6371,1984-11-30,M,Freshman,True,False,"3010 Ochoa Crescent Suite 275, Michaeltown, KY 86517","0420 Nguyen Manors, Hawkinsmouth, MA 54085",3.83,2023-11-11,Low
418,A1000417,Courtney,Whitney,jenniferrobbins@example.net,+1-977-431-7394x624,1986-07-08,F,Freshman,True,False,"653 Michelle Shoals Suite 871, Jacquelinebury, KY 76064","9670 Smith Lakes, South Moniquemouth, NH 80130",2.55,2023-05-19,Low
2013,A1002012,Michael,Boyd,kristinmcgee@example.org,491.385.8467x8427,2001-05-12,M,Sophomore,True,False,"0753 Alejandro Trail, West Lisabury, SC 62236","33574 Rivera Valley, Conwaystad, GA 93296",3.13,2023-01-18,Low
2339,A1002338,Alexander,Yates,pauljames@example.org,445-722-4414,2004-03-30,F,Sophomore,True,False,"PSC 5153, Box 8657, APO AE 29027","766 Jenkins Valleys Apt. 594, Boydbury, CT 70917",2.96,2024-02-17,Low
6884,A1006883,Brandon,Hawkins,ericdillon@example.org,(362)485-2444x8264,2001-05-18,F,Sophomore,True,False,"Unit 3091 Box 0044, DPO AA 41525","972 Robbins Turnpike Apt. 094, Erinmouth, AZ 96110",3.56,2022-12-04,Low
7111,A1007110,Gloria,Stuart,ramosashley@example.net,409-523-5271,2003-02-25,M,Sophomore,True,False,"600 Joseph Ways Suite 951, Port Matthewchester, MO 71256","228 Murray Ridges Suite 448, Lake Lisa, PW 36053",2.78,2025-11-01,Low
2404,A1002403,Tyler,Stokes,isaac48@example.com,551-961-7148,1981-04-01,M,Freshman,False,False,"056 Nancy Drives, Nguyenmouth, WI 74507","65904 Edwards Pine, Gardnerstad, MD 20249",2.83,2023-06-15,Low
1274,A1001273,Dwayne,Wilkerson,amanda59@example.com,+1-478-980-8352x6273,1993-05-02,F,Junior,False,False,"Unit 0670 Box 6250, DPO AP 11054","926 Clinton Station Apt. 956, Port Nicholasshire, RI 31630",3.36,2023-08-13,Low
4940,A1004939,Colleen,Palmer,ericlucas@example.net,251.315.1606,2003-10-28,F,Freshman,True,True,"542 Nelson Glen Apt. 102, Parkermouth, MD 16668","94965 Lauren Mission, South Teresastad, WA 68223",2.14,2025-06-13,Low
2894,A1002893,Victor,Brooks,heidi41@example.com,(648)516-0418,1996-11-23,F,Senior,True,False,"617 Williams Island, Port Jasmine, MN 01562","12452 Cook Green, Lauratown, MP 44357",2.06,2024-07-22,Low
2937,A1002936,Keith,Lopez,ocalderon@example.org,+1-614-347-7708x03345,2000-05-13,F,Sophomore,False,False,"6132 Nicholas Extensions, Kelleystad, AZ 74423","1413 William Place Apt. 500, Gomezborough, KS 64544",2.32,2024-05-16,Low
8001,A1008000,Mark,Robertson,youngbetty@example.net,436.375.1167x874,1980-06-25,M,Senior,True,True,"071 Terrence Glen Suite 228, Terrellstad, IL 73494","6968 Tyler Springs, New Pennyhaven, VT 77754",2.46,2025-07-03,Low
4685,A1004684,Michelle,Russell,whitney87@example.com,001-534-372-9000x606,1993-06-22,F,Freshman,False,True,"7081 David Walk Suite 451, New Jeffreybury, OK 71640","187 Hernandez Way, Turnertown, MS 69451",3.25,2022-11-14,Low
376,A1000375,Linda,Hawkins,thomasmichael@example.com,220-458-0286x06048,2006-10-08,F,Sophomore,False,False,"USNS Baker, FPO AA 47505","7695 Jennifer Brooks Suite 189, Ryanview, IL 05124",2.23,2023-03-31,Low
8541,A1008540,Eric,Bryant,nwilliams@example.net,+1-974-291-7858x123,1981-03-22,M,Junior,False,False,"6805 Katherine Mountain Apt. 653, Pattersonville, NE 97490","08271 Williams Flat Suite 022, Lake Cassie, TX 48967",2.09,2025-07-01,Low
7484,A1007483,Nancy,Thompson,cooperelizabeth@example.net,(252)395-8564x617,1982-06-21,M,Freshman,True,False,"USCGC Rivera, FPO AA 85596","55054 Ryan Loaf, West Sheryl, CO 09424",2.02,2024-02-11,Low
8842,A1008841,Robert,Bates,susan67@example.com,+1-943-594-3028x15979,1989-02-07,M,Sophomore,True,False,"47415 Rodriguez Prairie Apt. 483, North Alexandra, NM 47957","621 Tonya Circles Apt. 655, Jaredstad, NM 70587",2.55,2023-11-07,Low
3018,A1003017,Jeremy,Mcconnell,keithhall@example.net,2123012845,1994-10-08,M,Sophomore,False,False,"209 Stacey Crossroad Suite 424, Mollyborough, NE 20352","115 David Parks, Parkerborough, IN 61715",2.52,2024-09-30,Low
9624,A1009623,Nicholas,Nguyen,stevenwilliams@example.net,001-225-658-3121,1987-08-26,F,Sophomore,False,False,"0231 David Roads Suite 143, West Jenniferville, AS 76087","4442 Mark Corner Suite 570, Walshburgh, NE 87847",3.44,2023-07-17,Low
8226,A1008225,Crystal,Washington,robertmartinez@example.com,884-718-3152,2001-09-17,F,Sophomore,True,False,"276 James Station Apt. 394, West Dana, MD 46628","16640 Mccarthy Grove Suite 130, New Judith, NV 58323",2.39,2025-04-09,Low
832,A1000831,Melissa,Cunningham,noblebrian@example.net,2452961974,2003-10-30,M,Sophomore,True,False,"8344 Burke Groves Apt. 104, North Erica, MH 39089","654 Marissa Plaza, Thompsonmouth, AZ 93049",2.17,2024-06-07,Low
9332,A1009331,Brandon,Freeman,casey69@example.com,214-211-0996,2000-07-24,M,Junior,False,False,"9595 Ashley Ranch Suite 300, Port Holly, DE 96131","07103 Alexandra Mission Suite 554, South Lisa, FM 57151",2.51,2023-03-19,Low
8333,A1008332,Linda,Garcia,tsmith@example.net,816.264.7509,2003-08-02,F,Junior,True,True,"USCGC Foster, FPO AA 91401","942 Martinez Mountains Suite 634, Port Gregoryton, AR 81712",3.42,2024-03-30,Low
8805,A1008804,Carlos,Rice,ronald34@example.com,804-728-4215,1989-06-06,M,Senior,True,False,"2184 Christine Pike, Tonyland, UT 94171","09924 Tamara Inlet, Donaldchester, NE 72010",3.81,2024-03-16,Low
8809,A1008808,Destiny,Haynes,geoffreykennedy@example.com,+1-581-403-6969,2000-01-20,M,Junior,False,False,"5074 Karla Village, Wagnerhaven, FM 80597","87822 Duke Causeway, Benjaminbury, MP 55984",3.88,2023-08-01,Low
7429,A1007428,Jason,Gomez,davischad@example.org,511-409-5537x39110,1998-11-15,M,Freshman,True,False,"12355 Burns Lock Apt. 757, Port Donna, NM 31528","01201 Terry Underpass Suite 450, East Sheila, NE 85683",3.44,2024-05-14,Low
6814,A1006813,Scott,Jones,raymondallen@example.org,001-403-530-8725x3671,2006-06-07,M,Junior,True,False,"69263 Dana Plain, Lisaport, CA 97673","0705 Michael Fort Apt. 153, West Michaelmouth, VT 69089",2.99,2024-10-07,Medium
5240,A1005239,Lisa,Daniels,russellsandoval@example.net,511-748-6032,1983-07-11,F,Senior,False,False,"PSC 6316, Box 6888, APO AP 39415","44570 Austin Villages, North Jamesbury, FL 09786",2.15,2023-11-26,Medium
9371,A1009370,James,Pacheco,bshepard@example.org,799.217.4317,1980-11-16,Prefer Not to Say,Junior,False,False,"195 Alyssa Islands Apt. 481, South Keithfort, NY 71871","8009 Wade Ranch, Lake Thomaston, OR 20003",3.2,2024-03-15,Medium
1038,A1001037,Rebecca,Stephens,jamesduncan@example.org,+1-784-909-9126x91764,1994-12-19,F,Freshman,False,False,"Unit 4273 Box 5984, DPO AE 89510","54720 Ryan Vista Suite 529, Stevensview, MH 62278",2.51,2023-04-27,Medium
5836,A1005835,Vanessa,Hernandez,jessica55@example.net,+1-865-391-6461x1864,1992-05-08,M,Sophomore,False,False,"69579 Raymond Shore Apt. 960, New Edward, MN 13703","PSC 9018, Box 0739, APO AE 19964",3.19,2023-06-06,Medium
3406,A1003405,Nina,Wilson,gmcdonald@example.com,(764)868-6830x76546,1990-06-14,F,Freshman,True,False,"PSC 6553, Box 8599, APO AP 38783","9894 Wright Streets, Colemanfurt, FM 03921",2.09,2023-03-02,Medium
8894,A1008893,Jeffrey,Garcia,xoconnor@example.net,468.757.3994x447,1985-04-23,M,Sophomore,False,False,"11266 Lopez Union Suite 235, New Jessemouth, MS 25592","50810 Ronald Bypass Apt. 998, Guerreroview, NE 79429",3.59,2025-06-22,Medium
7301,A1007300,Carlos,Mcguire,angela85@example.net,001-489-907-5412x5395,1987-09-07,F,Junior,False,False,"9132 Cooper Rest, South Danaside, RI 25628","553 Vargas Way Suite 319, Roberthaven, AR 75632",2.7,2024-07-22,Medium
2275,A1002274,Robert,Lindsey,christinacampbell@example.com,001-733-999-3492,2003-12-01,F,Junior,False,False,"40738 Miranda Shoal, New Staceymouth, WY 10210","4791 Holmes Ports, Johnsonfort, CA 77254",3.7,2024-02-18,Medium
3817,A1003816,John,Jones,tcalderon@example.org,761.634.0687x43452,1992-01-11,M,Sophomore,False,False,"807 Barker Summit Apt. 594, East Nathanberg, OR 18961","206 Rhonda Radial Apt. 381, Kristenshire, VI 79652",2.69,2023-04-14,Medium
6142,A1006141,Amanda,Vaughn,evillanueva@example.net,(496)307-7604,2001-08-14,F,Junior,False,False,"8833 Sheppard Course, South Austinbury, KS 66640","073 Kimberly Well Apt. 831, Holmesmouth, MD 69386",3.5,2024-10-18,Medium
8488,A1008487,Tina,Smith,russelladams@example.org,905.557.2110x274,2002-03-26,F,Freshman,False,False,"PSC 1983, Box 9369, APO AA 32468","65864 Baker Burg Apt. 938, New Richardview, NE 44211",3.5,2023-03-13,Medium
8996,A1008995,Sherri,Medina,owatkins@example.com,8212444007,1989-07-15,M,Sophomore,False,False,"384 Kelly Springs, Lake Wendy, CA 18688","407 Natalie Rest, West Elizabeth, VA 01622",3.78,2025-02-18,Medium
6467,A1006466,Deanna,Rodriguez,kgarcia@example.com,386-497-6626x900,1992-04-16,M,Freshman,True,False,"904 Morrison Highway, South Michael, MO 46817","0432 Colton Heights Suite 732, Brownton, KS 50024",3.99,2023-12-22,Medium
2029,A1002028,Jenny,Smith,wgomez@example.net,001-648-459-2313x870,1992-07-07,F,Sophomore,False,False,"PSC 5870, Box 9787, APO AE 89329","8914 Christine Stream, Farrellstad, CO 10329",2.49,2025-11-05,Medium
9776,A1009775,Tiffany,Higgins,rileyemily@example.com,001-516-436-4462x3044,1999-07-18,F,Freshman,False,False,"5988 Janice Drives Apt. 045, Taylorville, ND 81277","19542 Maurice View, West Davidtown, PW 75450",3.56,2025-04-03,Medium
8147,A1008146,Mary,Wright,shannonking@example.com,613.994.1233x59800,2005-01-24,M,Sophomore,False,False,"46578 Debra Cove Suite 441, East Edward, AR 17151","62411 Manuel Spur, Bryanberg, MT 45980",3.91,2024-03-23,Medium
1475,A1001474,Heather,Blake,gerald05@example.com,668-933-1421,1985-11-28,F,Freshman,False,False,"27055 Ramirez Extension, Doughertyland, MH 23218","58920 Lynch Bridge, Deborahfurt, GU 89168",3.38,2024-09-13,Medium
1699,A1001698,Nichole,Bradford,john83@example.net,+1-984-529-3631x7619,1980-03-16,M,Sophomore,False,False,"10949 Elizabeth Loop, Morrisonside, MA 66609","907 Wilson Inlet Apt. 421, South Jenniferborough, KY 87251",3.42,2023-02-05,Medium
9534,A1009533,Daniel,Jones,christina70@example.net,7842291647,2007-05-25,F,Freshman,True,False,"31333 Young Courts Suite 742, West Jamie, MS 38449","273 Payne Mountains Suite 692, East Coreychester, FL 23607",3.61,2025-01-04,Medium
3083,A1003082,Barbara,Marquez,rebecca03@example.org,+1-893-380-3075x8294,1997-10-10,F,Junior,True,False,"71468 Long Hollow Apt. 249, Micheleland, RI 18476","93772 Coleman Ferry, Williammouth, WA 72806",2.78,2024-01-31,Medium
8911,A1008910,Rebecca,Gibbs,hhopkins@example.com,237.883.2185,1997-10-04,F,Sophomore,True,False,"8313 Jacob Mountain, North Jaime, WA 82331","790 Bryant Brooks, Torresshire, TX 92814",2.42,2023-11-20,Medium
5271,A1005270,Taylor,Sullivan,freemanalyssa@example.net,841.212.5770x620,1997-01-30,F,Senior,False,False,"60487 Laura Via Suite 001, Larrybury, WA 43204","3851 Jacobson Square Suite 208, Lindsayland, MO 04010",2.88,2023-04-13,Medium
5186,A1005185,Stephanie,Bruce,jennifer35@example.com,646-817-6398x192,2000-05-09,M,Junior,True,False,"24269 Clark Path Apt. 239, North Kendra, OH 23874","103 James Village Apt. 628, North Brianville, SC 37652",2.72,2023-03-08,Medium
9241,A1009240,Tina,Arnold,schneidersara@example.net,(290)850-4660x4383,1980-12-23,F,Freshman,True,False,"32397 Boyd Spurs Suite 311, North Kristina, MT 16677","38556 Hawkins Cliffs, Port Kristen, MD 03201",3.79,2025-04-15,Medium
7349,A1007348,Kristin,Butler,cadkins@example.org,001-265-490-1953x366,1993-10-08,Prefer Not to Say,Freshman,True,False,"3720 Nathaniel Oval Apt. 758, Davisshire, MA 60168","USS Martinez, FPO AE 83448",2.19,2022-12-30,Medium
2636,A1002635,Dominic,Harris,christina36@example.com,+1-628-458-6957x2529,2004-06-07,M,Freshman,True,False,"8182 Christopher Shoal, North Courtney, PW 46667","88203 Rose Expressway Apt. 816, North Douglas, OR 03087",2.88,2025-01-24,Medium
3129,A1003128,Robert,Smith,ofox@example.org,649-259-3284x08993,1999-05-30,M,Junior,True,False,"PSC 1765, Box 2451, APO AP 57032","693 Bradley Light, Port Janet, CO 23968",3.56,2024-03-06,Medium
8271,A1008270,Adrienne,Soto,tracy36@example.org,001-401-451-2505x2945,1993-08-16,F,Senior,False,False,"701 Jacqueline Island Apt. 169, Rebeccamouth, SC 76624","82924 Hawkins Harbor Apt. 964, South Bethland, FL 11794",3.33,2023-12-29,Medium
3873,A1003872,Robert,Collins,harveybrian@example.net,001-559-576-2617,1993-12-30,F,Sophomore,True,False,"USS Clements, FPO AP 93973","134 Boyd Fall Apt. 487, South Dakotachester, IL 36792",3.5,2023-01-21,Medium
9536,A1009535,Kirsten,Jackson,afarley@example.com,407.216.8252x025,2006-10-05,F,Freshman,False,True,"49221 Brown Harbors, East Bonnie, WV 68076","59718 Lee Extensions, New Johnport, AR 66804",3.1,2024-11-26,Medium
3362,A1003361,Juan,Mcconnell,amanda66@example.org,+1-763-863-0856x0544,1981-12-24,M,Junior,True,False,"875 Mariah Court Suite 916, Mclaughlinbury, GA 14033","489 Williams Inlet Suite 589, North Brandyborough, UT 01628",2.83,2024-03-23,Medium
575,A1000574,Sheila,Logan,aallen@example.com,001-776-645-5459x03481,1986-09-20,M,Senior,True,True,"02693 Watson Freeway, New Christineberg, ID 91091","51485 Francis Burgs, Johnsonfurt, KS 02776",3.98,2024-09-07,Medium
3679,A1003678,Peter,Haley,suzanne39@example.net,733.809.9907,2001-11-30,F,Freshman,False,False,"Unit 6879 Box 0992, DPO AP 53517","46548 Carlson Rapid, South Timothyville, AZ 04437",2.31,2024-08-18,Medium
3625,A1003624,William,Chavez,triciamarks@example.org,677-566-0409x17080,1991-03-07,F,Freshman,True,False,"1562 Howard Mountains, North Nicolas, AZ 58685","401 Hobbs Turnpike, Johnnyport, NM 75912",3.86,2025-02-27,Medium
4397,A1004396,Katelyn,Gonzales,matthewcompton@example.net,9069948934,2004-05-12,F,Freshman,True,False,"9208 Willis Lakes, Raymondburgh, PW 48918","0728 Ross Coves Apt. 647, Port Lynn, PR 06298",2.3,2024-03-14,Medium
6624,A1006623,Amy,Roman,christian81@example.com,(325)398-4005x3628,1990-08-08,F,Senior,False,True,"49700 Eugene Camp, Evansberg, DC 39954","91304 Carr Falls, Monicafort, MS 59844",3.09,2024-07-06,Medium
4510,A1004509,Ryan,Parsons,foxamy@example.net,(265)405-3624x28055,1985-03-12,F,Freshman,False,False,"6435 Alyssa Springs Apt. 135, Leonardport, NH 64024","94284 Shelton Rapid Suite 631, Kellymouth, DE 33942",2.06,2023-08-31,Low
4868,A1004867,Jacob,Lynch,kelly35@example.org,9803945184,1997-07-25,M,Senior,True,False,"827 Ryan Rapid Suite 156, Tuckerview, WY 73499","94409 George Glen Apt. 679, North Tina, MD 54178",2.06,2025-02-04,Low
7792,A1007791,Jacob,Graham,jpoole@example.org,791.708.3233x61552,1993-03-04,F,Sophomore,True,True,"3856 Graham Forks, Nicholasmouth, NY 14350","747 Jones Ports Apt. 658, Lake Katherine, OK 51606",2.91,2024-01-28,Low
741,A1000740,Melissa,Hoffman,ocervantes@example.net,001-484-760-7456,2002-12-12,M,Senior,True,True,"32718 Kelly Mission Suite 098, Lake Davidfort, MA 87403","PSC 0469, Box 0743, APO AP 03236",2.63,2025-07-16,Low
7716,A1007715,Patricia,Anderson,andrew15@example.org,(990)215-5386x141,2005-02-25,F,Junior,True,True,"076 Cervantes Burg Suite 219, Powersberg, CO 53464","19377 Kristina Hills Suite 018, North Christopherview, MT 28839",2.79,2025-08-16,Low
4852,A1004851,Adam,Wong,allen63@example.net,443.718.7779x6691,1991-05-15,M,Senior,False,False,"01960 Charles Extensions Suite 418, New Carlosland, MI 28344","PSC 7727, Box 4949, APO AE 53465",2.24,2025-02-28,Medium
7462,A1007461,Charles,Bowers,idavis@example.net,001-214-580-8443x571,1993-06-21,M,Sophomore,False,False,"39289 Jose Divide Apt. 981, Brittanyview, PR 47395","93250 Brian Union, Jeffreyland, TX 36988",3.69,2025-05-31,Low
3702,A1003701,Aaron,Johnson,jwilson@example.com,211-863-8939x7971,1992-08-16,F,Freshman,True,False,"093 Kimberly Pine, Amandamouth, SC 40451","71052 Travis Expressway Apt. 306, Jillport, PW 17550",3.59,2024-06-09,Low
9369,A1009368,Crystal,Jones,littlejeanne@example.org,861-654-2385x135,1987-04-10,F,Freshman,False,False,"744 Smith Lakes, Phillipsbury, IL 90970","9244 Jimmy Station, East Randy, WI 36623",2.37,2025-06-24,Low
2649,A1002648,Frank,Cross,raymondevans@example.org,001-583-763-7667x356,1983-08-27,M,Freshman,False,False,"66235 Maurice Squares Suite 460, Lake Jessica, ID 87972","545 Sarah Springs, Coxton, NV 60684",2.48,2024-11-08,Low
4879,A1004878,Rachel,Byrd,jacquelinejones@example.com,350-413-8927x801,1999-08-11,M,Senior,True,False,"10219 Pamela Union Apt. 182, Acostafurt, KS 43577","Unit 5657 Box 8295, DPO AE 61636",2.97,2024-10-11,Medium
4588,A1004587,Michael,Porter,jasonhernandez@example.org,830.692.8890,2001-08-15,F,Senior,False,False,"5493 Thompson Mission Apt. 230, Lake Andrewfort, TN 00507","8670 Mccoy Dale, Lisaland, RI 85967",2.12,2024-12-19,Low
2999,A1002998,Carla,Spencer,chanmike@example.net,369-692-8170,2007-02-28,F,Freshman,False,False,"783 Cheryl Station, Kathleentown, WY 88178","5492 Juan Knolls Apt. 589, North Paul, OR 46651",3.13,2024-12-24,Low
2640,A1002639,Carl,Vincent,thomas36@example.org,001-765-327-8298,2001-11-16,M,Freshman,False,False,"6536 Scott Club, Lewisborough, MI 77155","85512 Julie Haven, Knightfort, HI 82609",3.14,2023-09-03,Low
550,A1000549,Zachary,Wyatt,qjohnson@example.com,3434109077,1987-11-12,M,Freshman,False,True,"77376 Cooper Mill, Brownberg, NV 47289","5481 Mcdonald Court, South Richard, CT 45011",2.11,2025-10-02,Medium
9579,A1009578,John,Singleton,amandajohnson@example.com,+1-803-729-5495,1986-09-13,F,Sophomore,True,False,"53979 Marcus Common, Bishopborough, NM 08712","9439 Mills Gardens, New Vincent, NY 52680",2.57,2023-02-14,Low
1526,A1001525,Danny,Russo,tina70@example.org,+1-719-608-0479x49051,1997-06-09,M,Sophomore,False,False,"PSC 8258, Box 1202, APO AA 21962","141 Robertson Junctions, Port Wendystad, MH 58535",2.83,2023-08-27,Low
4680,A1004679,Christine,Parker,haguilar@example.org,001-642-233-6039,1990-05-10,Prefer Not to Say,Sophomore,True,False,"72231 Rodriguez Rest Suite 752, Buchananport, CT 67467","PSC 7347, Box 6242, APO AE 20046",2.84,2025-09-30,Medium
8350,A1008349,Michael,Garrett,brownkathryn@example.net,+1-444-476-9357,2006-04-10,F,Junior,False,True,"2694 Heidi Stream, Curryport, IA 85899","142 Donald Expressway Apt. 967, South Isaac, DE 00571",2.9,2023-04-20,Low
3932,A1003931,Robert,Marshall,angela92@example.com,317-246-2860,2005-04-05,F,Sophomore,True,False,"191 Lindsey Orchard, New Christychester, TX 47387","30273 Smith Trail, Angelashire, FM 92817",2.4,2025-05-01,Low
743,A1000742,Vickie,Burns,michaelramos@example.com,(520)483-1300x161,1982-12-05,M,Senior,False,False,"74166 Clark Camp, Johnsonport, FL 73405","67232 Reyes Streets, Valeriefort, DE 05499",3.16,2024-06-19,Low
9085,A1009084,Derrick,Johnson,whitesusan@example.com,891.662.7886x98649,1990-10-10,M,Junior,False,False,"462 Alexander Rapids, South Amanda, TX 64172","7721 Christopher Skyway Apt. 985, Johnsonhaven, MT 15485",3.48,2022-11-11,Low
6804,A1006803,Brittany,Hernandez,raymondturner@example.net,245.681.1964,2001-03-01,F,Freshman,True,False,"85918 Gomez Viaduct Apt. 877, New Kelly, PA 30017","7660 Kimberly Villages Apt. 125, Lake Dianamouth, IA 42323",2.85,2025-07-17,Low
5787,A1005786,Chelsea,Miller,ccollins@example.net,937.886.5965x16286,1998-02-22,M,Freshman,False,True,"9600 Lisa Estate, Kevinbury, ND 41894","PSC 1736, Box 7108, APO AA 97148",2.63,2023-06-29,Medium
8250,A1008249,Nicholas,White,virginiaclark@example.org,001-812-832-7878,1989-07-01,F,Senior,False,False,"2512 Taylor Mountain, East Ana, MT 30101","607 Newman Crest, West Justin, GA 07366",3.45,2024-11-30,Low
8295,A1008294,Sherry,Allison,bayala@example.org,(818)565-4363x728,1996-10-24,M,Junior,True,False,"63624 Jones Terrace, Mejiaside, ID 51293","685 Jeffrey Ridge, Port Corey, SD 81383",3.0,2023-06-29,Low
5221,A1005220,Timothy,Cohen,gstewart@example.net,3185689593,1986-08-29,F,Sophomore,False,False,"73958 Powell Path Apt. 590, Moonview, AR 44037","Unit 0637 Box 0421, DPO AE 75412",2.93,2022-12-13,Low
2255,A1002254,Joseph,Le,henrypowers@example.com,+1-891-544-3014x387,2006-04-06,F,Junior,False,False,"6439 Mark Inlet Suite 592, Lake Jason, NE 91609","093 Smith Avenue, Stephanieland, TN 05761",2.42,2024-07-07,Low
7277,A1007276,Katrina,Cox,jessebaldwin@example.net,298.269.0070x0368,1981-07-19,M,Junior,True,False,"91380 Ana Junctions, Byrdchester, HI 08276","591 Green Overpass Apt. 456, New Barbara, HI 55821",2.37,2024-10-04,Low
3699,A1003698,Dana,Henson,lewisdustin@example.net,963-471-7082x887,1984-05-23,M,Sophomore,True,False,"00619 Jennifer Cape, Joshuaport, UT 96236","2910 Macdonald Crest Suite 078, Johnfort, WY 25192",3.28,2024-11-27,Low
629,A1000628,Matthew,Harris,nancyrichardson@example.com,998-909-6282x19608,2005-11-02,F,Senior,True,True,"827 Steven Manors Apt. 097, Robinsonhaven, VA 32909","0979 Gordon Islands Suite 004, Wendyton, NV 92809",3.72,2023-06-12,Low
5843,A1005842,Jason,Holden,carlos04@example.org,001-834-985-1427,2004-06-22,M,Sophomore,False,False,"914 Rhonda Courts Suite 666, Bennettport, ID 84061","USNV Greene, FPO AA 22406",3.46,2023-09-17,Low
6127,A1006126,Sarah,Nguyen,rosssandra@example.com,5005458945,2003-12-09,M,Junior,False,False,"328 Kristin Isle Apt. 772, Aaronmouth, SD 99810","9904 Chavez Spring Apt. 123, Vanessashire, KY 82790",3.61,2025-04-05,Low
4519,A1004518,Amy,Thompson,davismary@example.net,676.633.4771x92996,2004-05-27,M,Junior,True,False,"9038 Christopher Villages Suite 958, Adamhaven, HI 20960","Unit 6363 Box 7460, DPO AP 16382",3.99,2025-05-20,Low
3183,A1003182,Ronald,Fleming,chadrandall@example.org,505.348.7133x50757,1986-11-08,F,Sophomore,False,False,"03973 Bruce Stravenue Apt. 245, South Joseph, RI 91951","PSC 3707, Box 8522, APO AE 07154",3.1,2023-08-08,Low
4470,A1004469,April,Clayton,garyhuang@example.net,4619460172,2003-04-14,Non-Binary,Sophomore,False,True,"4091 Lin Freeway Suite 003, Port Scott, NY 32184","627 Oscar Ports, Port Rebecca, GU 42157",3.99,2023-04-15,Low
8928,A1008927,Patrick,Hall,douglas58@example.net,607-739-7442x0109,1980-05-19,M,Freshman,False,False,"925 Arnold Coves, Lesterburgh, OK 60672","916 Martin Coves, South Mikaylaberg, NH 95097",2.9,2024-12-19,Low
9795,A1009794,Logan,Diaz,taylorbarajas@example.net,621.602.8946,2005-04-01,M,Junior,True,False,"USNS Bailey, FPO AA 50596","345 Edward Centers Suite 751, North Deanview, MN 77952",2.85,2022-12-19,Low
2474,A1002473,Charles,Ford,wanderson@example.com,(457)302-4300x2923,1990-05-19,F,Junior,True,False,"550 Mendez Gateway, Scottberg, TN 63128","7169 Ramsey Viaduct, Lake Micheleton, ME 23371",2.6,2024-08-27,Low
